Gene,Description,padj_maSigPro,clusters_maSigPro,Fold_change_h_vs_c,padj_h_vs_c,Fold_change_p_vs_c,padj_p_vs_c,Fold_change_a_vs_c,padj_a_vs_c,Fold_change_r_vs_c,padj_r_vs_c,Fold_change_a_vs_r,padj_a_vs_r,Fold_change_h_vs_a,padj_h_vs_a
TCAL_00006,Similar to JAKMIP3 Janus kinase and microtubule-interacting protein 3 (Homo sapiens),NA,NA,NA,NA,NA,NA,0.845036565,0.060650658,NA,NA,NA,NA,NA,NA
TCAL_00029,Similar to TARBP1 Probable methyltransferase TARBP1 (Homo sapiens),0.000994268,1,NA,NA,NA,NA,NA,NA,NA,NA,0.361407742,0.080247741,NA,NA
TCAL_00039,Similar to Kansl3 KAT8 regulatory NSL complex subunit 3 (Mus musculus),0.000284587,2,NA,NA,NA,NA,NA,NA,NA,NA,NA,NA,NA,NA
TCAL_00040,Similar to CDC45 Cell division control protein 45 homolog (Homo sapiens),0.000356434,3,0.276359745,0.06633577,0.303422956,0.013247178,0.25843031,0.038165127,0.250353965,0.052471726,NA,NA,NA,NA
TCAL_00043,nuclear transcription factor Y subunit beta-like,0.02604789,1,NA,NA,NA,NA,3.220935393,0.094600201,NA,NA,NA,NA,-4.005942675,0.083934925
TCAL_00047,Protein of unknown function,2.86E-31,1,NA,NA,NA,NA,NA,NA,0.778581775,1.24E-09,0.887517511,2.67E-12,NA,NA
TCAL_00051,"Similar to CG16935 Enoyl-[acyl-carrier-protein] reductase, mitochondrial (Drosophila melanogaster)",0.001162687,2,NA,NA,0.278866492,0.090299056,NA,NA,NA,NA,NA,NA,NA,NA
TCAL_00099,Similar to Zfyve19 Abscission/NoCut checkpoint regulator (Mus musculus),0.000405253,3,NA,NA,0.263745599,0.07643044,0.309099508,0.012499503,NA,NA,NA,NA,NA,NA
TCAL_00113,Similar to egr1-b Early growth response protein 1-B (Xenopus laevis),3.28E-10,4,-1.200226692,4.96E-08,-0.861624821,0.000112915,-1.083301956,1.71E-07,NA,NA,0.820589627,0.00044954,NA,NA
TCAL_00116,Similar to ldhA D-lactate dehydrogenase (Escherichia coli (strain K12)),0.002707484,1,NA,NA,NA,NA,NA,NA,NA,NA,NA,NA,NA,NA
TCAL_00125,Similar to foxo1b Forkhead box protein O1-B (Danio rerio),1.31E-05,2,NA,NA,0.228184867,0.092996489,0.246597295,0.03472311,NA,NA,-0.288200659,0.010712426,NA,NA
TCAL_00127,Similar to UNC79 Protein unc-79 homolog (Homo sapiens),NA,NA,NA,NA,NA,NA,NA,NA,NA,NA,-0.399390328,0.0914242,NA,NA
TCAL_00134,Similar to xpo4 Exportin-4 (Xenopus laevis),0.000539399,2,NA,NA,NA,NA,NA,NA,NA,NA,NA,NA,NA,NA
TCAL_00144,Similar to fem1c Protein fem-1 homolog C (Xenopus laevis),4.39E-07,5,NA,NA,NA,NA,NA,NA,-0.18372067,0.087758602,-0.206741418,0.045767167,-0.21808105,0.095431863
TCAL_00156,Similar to Rdl Gamma-aminobutyric acid receptor subunit beta (Musca domestica),0.000554633,2,NA,NA,0.318091215,0.000349584,NA,NA,NA,NA,NA,NA,NA,NA
TCAL_00162,Similar to Sh3kbp1 SH3 domain-containing kinase-binding protein 1 (Rattus norvegicus),0.00204967,6,NA,NA,NA,NA,NA,NA,NA,NA,NA,NA,NA,NA
TCAL_00168,Similar to D3Ertd751e UPF0462 protein C4orf33 homolog (Mus musculus),NA,NA,NA,NA,1.454679353,0.016138065,NA,NA,1.177435232,0.074932936,1.451211649,0.023590865,NA,NA
TCAL_00171,Similar to Daam2 Disheveled-associated activator of morphogenesis 2 (Mus musculus),0.000568736,7,NA,NA,NA,NA,0.358112025,0.03177181,NA,NA,NA,NA,-0.385256176,0.074580975
TCAL_00182,Similar to rtn1-a Reticulon-1-A (Xenopus laevis),0.00319496,8,NA,NA,-0.213736932,0.011978989,NA,NA,NA,NA,NA,NA,NA,NA
TCAL_00188,Similar to znf395 Zinc finger protein 395 (Xenopus laevis),0.001200326,4,NA,NA,NA,NA,NA,NA,NA,NA,1.724290101,0.00078306,NA,NA
TCAL_00194,Similar to Glut1 Glucose transporter type 1 (Drosophila melanogaster),7.63E-15,8,NA,NA,-0.399645932,0.000121639,-0.418528243,2.50E-05,-0.53982686,9.26E-09,NA,NA,NA,NA
TCAL_00198,Similar to pyx Transient receptor potential channel pyrexia (Drosophila melanogaster),1.11E-06,8,-1.291246874,0.019778232,-1.199262507,0.016408255,-1.131153809,0.015845314,-1.062538076,0.028685502,NA,NA,NA,NA
TCAL_00203,Similar to slc12a8 Solute carrier family 12 member 8 (Xenopus laevis),0.000147173,6,NA,NA,NA,NA,NA,NA,-0.475894173,0.031858044,NA,NA,NA,NA
TCAL_00205,Similar to rhbg-a Ammonium transporter Rh type B-A (Xenopus laevis),0.000301768,6,NA,NA,NA,NA,-0.487441203,0.027426305,-0.551772156,0.007722684,NA,NA,NA,NA
TCAL_00206,Similar to Mvl Protein Malvolio (Drosophila melanogaster),4.24E-08,1,NA,NA,NA,NA,NA,NA,0.776312422,0.000347358,1.093929936,9.31E-08,NA,NA
TCAL_00210,Similar to TMEM165 Transmembrane protein 165 (Homo sapiens),0.000812631,6,NA,NA,NA,NA,-0.219768761,0.067042757,NA,NA,NA,NA,NA,NA
TCAL_00215,Similar to CG12163 Putative cysteine proteinase CG12163 (Drosophila melanogaster),NA,NA,NA,NA,NA,NA,0.189422118,0.046864418,NA,NA,NA,NA,NA,NA
TCAL_00224,Similar to Chymotrypsin BI (Litopenaeus vannamei),4.55E-06,8,NA,NA,NA,NA,-0.247875327,0.070312531,-0.366626882,0.001136411,NA,NA,NA,NA
TCAL_00225,mucin-5AC isoform X1,7.26E-12,4,-0.514108257,0.00166777,-0.486837879,0.001713981,NA,NA,NA,NA,NA,NA,NA,NA
TCAL_00238,Similar to Fit1 Unc-112-related protein (Drosophila melanogaster),0.002506057,9,NA,NA,NA,NA,NA,NA,NA,NA,-0.258843806,0.023590865,NA,NA
TCAL_00242,Similar to Spn88Ea Serine protease inhibitor 88Ea (Drosophila melanogaster),0.00136074,4,NA,NA,NA,NA,NA,NA,NA,NA,NA,NA,NA,NA
TCAL_00244,Protein of unknown function,2.06E-08,1,NA,NA,0.446288481,0.002417306,0.491180017,0.000292981,0.496788865,0.00021805,NA,NA,NA,NA
TCAL_00248,Similar to CTDSPL2 CTD small phosphatase-like protein 2 (Gallus gallus),1.27E-11,6,-0.2552742,0.020786972,NA,NA,NA,NA,-0.446999236,1.19E-08,-0.291237721,0.001508131,NA,NA
TCAL_00253,Protein of unknown function,0.001693353,4,NA,NA,NA,NA,NA,NA,NA,NA,0.539850981,0.020524241,NA,NA
TCAL_00258,Similar to Nphs1 Nephrin (Mus musculus),0.003937037,6,NA,NA,NA,NA,NA,NA,NA,NA,NA,NA,NA,NA
TCAL_00269,Similar to SLC46A3 Solute carrier family 46 member 3 (Gallus gallus),0.002540203,6,NA,NA,NA,NA,-0.548252532,0.018130544,-0.463482878,0.072063243,NA,NA,NA,NA
TCAL_00270,Similar to aPKC Atypical protein kinase C (Drosophila melanogaster),NA,NA,NA,NA,NA,NA,NA,NA,-0.241762207,0.055729089,NA,NA,NA,NA
TCAL_00276,Similar to obst-E Protein obstructor-E (Drosophila melanogaster),6.67E-06,2,NA,NA,1.048812812,0.000808395,1.003006005,0.001142107,0.812257562,0.016058267,NA,NA,NA,NA
TCAL_00282,Similar to HMCN1 Hemicentin-1 (Homo sapiens),0.004322891,5,NA,NA,NA,NA,NA,NA,NA,NA,NA,NA,NA,NA
TCAL_00284,Similar to Amy-p Alpha-amylase A (Drosophila melanogaster),NA,NA,NA,NA,NA,NA,-0.292199919,0.08127399,NA,NA,NA,NA,NA,NA
TCAL_00299,"Similar to Haao 3-hydroxyanthranilate 3,4-dioxygenase (Rattus norvegicus)",NA,NA,NA,NA,NA,NA,NA,NA,-0.237166198,0.074932936,NA,NA,NA,NA
TCAL_00311,Similar to Agrn Agrin (Mus musculus),6.78E-05,5,NA,NA,NA,NA,NA,NA,-0.44917431,0.046794412,-0.58893994,0.003147087,NA,NA
TCAL_00315,Similar to GPP2 (DL)-glycerol-3-phosphatase 2 (Arabidopsis thaliana),0.00075721,3,NA,NA,NA,NA,0.79765933,0.000894586,NA,NA,NA,NA,NA,NA
TCAL_00322,"Similar to Alg12 Dol-P-Man:Man(7)GlcNAc(2)-PP-Dol alpha-1,6-mannosyltransferase (Mus musculus)",0.000620362,4,NA,NA,NA,NA,-0.327933757,0.013035548,NA,NA,0.279104239,0.067563351,NA,NA
TCAL_00342,Similar to PMPCA Mitochondrial-processing peptidase subunit alpha (Bos taurus),7.36E-05,2,NA,NA,NA,NA,0.258080894,0.03177181,NA,NA,-0.284297544,0.017927777,NA,NA
TCAL_00360,Similar to Rps6kb1 Ribosomal protein S6 kinase beta-1 (Mus musculus),0.002504585,6,-0.236968538,0.043062284,NA,NA,NA,NA,NA,NA,NA,NA,NA,NA
TCAL_00370,"Similar to B3GALT1 Beta-1,3-galactosyltransferase 1 (Pongo pygmaeus)",3.11E-29,1,NA,NA,NA,NA,NA,NA,1.204278868,2.09E-07,1.288084792,2.42E-08,NA,NA
TCAL_00376,Similar to SLC9A8 Sodium/hydrogen exchanger 8 (Homo sapiens),NA,NA,NA,NA,NA,NA,-0.305646977,0.090491384,NA,NA,NA,NA,NA,NA
TCAL_00384,"Similar to Dars Aspartate--tRNA ligase, cytoplasmic (Rattus norvegicus)",NA,NA,NA,NA,NA,NA,-0.219277793,0.073439958,NA,NA,NA,NA,NA,NA
TCAL_00385,Similar to Ovol2 Transcription factor Ovo-like 2 (Mus musculus),6.31E-06,8,NA,NA,NA,NA,NA,NA,NA,NA,NA,NA,NA,NA
TCAL_00399,Similar to Klhl12 Kelch-like protein 12 (Mus musculus),0.001435483,4,NA,NA,NA,NA,-0.334708866,0.069301802,NA,NA,0.367751025,0.045164511,NA,NA
TCAL_00461,Protein of unknown function,5.22E-28,9,NA,NA,NA,NA,NA,NA,-3.56632125,3.29E-41,-4.132132165,2.76E-55,NA,NA
TCAL_00464,Protein of unknown function,1.09E-09,2,0.297183186,0.073057282,0.420546741,0.000381157,0.541434565,3.27E-07,0.310950357,0.016733371,NA,NA,NA,NA
TCAL_00483,Similar to CDC73 Parafibromin (Gallus gallus),3.08E-05,2,NA,NA,NA,NA,0.236665866,0.073656772,NA,NA,-0.295953731,0.016330384,NA,NA
TCAL_00497,Similar to PFDN5 Prefoldin subunit 5 (Homo sapiens),0.001694194,4,NA,NA,NA,NA,-0.159684274,0.046275226,NA,NA,NA,NA,NA,NA
TCAL_00509,Similar to ZSWIM5 Zinc finger SWIM domain-containing protein 5 (Homo sapiens),0.001198799,5,NA,NA,NA,NA,NA,NA,NA,NA,NA,NA,-0.912980323,0.05039853
TCAL_00524,Similar to KANSL1 KAT8 regulatory NSL complex subunit 1 (Homo sapiens),NA,NA,NA,NA,NA,NA,NA,NA,NA,NA,-0.24863715,0.062673785,NA,NA
TCAL_00548,"Similar to Grik3 Glutamate receptor ionotropic, kainate 3 (Rattus norvegicus)",0.000149408,6,NA,NA,-0.301712623,0.048103572,-0.300322939,0.03177181,NA,NA,NA,NA,NA,NA
TCAL_00555,Similar to Pgk Phosphoglycerate kinase (Drosophila melanogaster),NA,NA,NA,NA,NA,NA,NA,NA,NA,NA,-0.141229243,0.076886092,NA,NA
TCAL_00556,Protein of unknown function,2.93E-05,6,NA,NA,-0.300077781,0.008767096,NA,NA,-0.331635646,0.001392598,NA,NA,NA,NA
TCAL_00560,"Similar to hibch 3-hydroxyisobutyryl-CoA hydrolase, mitochondrial (Xenopus tropicalis)",2.93E-06,8,NA,NA,NA,NA,NA,NA,-0.200998859,0.015905401,NA,NA,NA,NA
TCAL_00581,Similar to Prpf6 Pre-mRNA-processing factor 6 (Mus musculus),0.001051576,2,NA,NA,NA,NA,NA,NA,NA,NA,NA,NA,NA,NA
TCAL_00591,Protein of unknown function,7.26E-05,1,NA,NA,NA,NA,NA,NA,0.596487596,0.016058267,NA,NA,NA,NA
TCAL_00600,Similar to Sp7 Serine protease 7 (Drosophila melanogaster),0.000172239,9,NA,NA,NA,NA,NA,NA,-0.433306213,0.015828078,NA,NA,NA,NA
TCAL_00601,Similar to aff-1 Cell fusion protein aff-1 (Caenorhabditis elegans),NA,NA,NA,NA,NA,NA,-0.603153266,0.098996348,NA,NA,NA,NA,NA,NA
TCAL_00615,Similar to wls Protein wntless (Drosophila yakuba),0.000355456,7,NA,NA,NA,NA,NA,NA,1.02150106,0.009235889,NA,NA,NA,NA
TCAL_00617,Similar to nt5c2 Cytosolic purine 5'-nucleotidase (Xenopus laevis),NA,NA,NA,NA,NA,NA,0.26037166,0.028226329,NA,NA,NA,NA,NA,NA
TCAL_00623,Similar to KLHL17 Kelch-like protein 17 (Homo sapiens),0.00026016,4,NA,NA,NA,NA,NA,NA,NA,NA,0.59594805,0.054249484,NA,NA
TCAL_00657,"Similar to Pde4d cAMP-specific 3',5'-cyclic phosphodiesterase 4D (Mus musculus)",NA,NA,NA,NA,NA,NA,NA,NA,NA,NA,0.919843008,0.070296573,NA,NA
TCAL_00667,Similar to shark Tyrosine-protein kinase shark (Drosophila melanogaster),2.61E-07,2,NA,NA,0.417413545,0.054319377,0.557307039,0.001191293,NA,NA,-0.530605795,0.003110089,NA,NA
TCAL_00673,Similar to set5 SET domain-containing protein 5 (Schizosaccharomyces pombe (strain 972 / ATCC 24843)),7.96E-05,8,NA,NA,-0.397748825,0.035936087,-0.434369695,0.009843411,-0.377398315,0.037323654,NA,NA,NA,NA
TCAL_00678,Protein of unknown function,NA,NA,NA,NA,NA,NA,NA,NA,NA,NA,0.97335312,0.037711225,NA,NA
TCAL_00688,Similar to tbc1d7 TBC1 domain family member 7 (Danio rerio),0.00040674,5,NA,NA,NA,NA,NA,NA,NA,NA,NA,NA,NA,NA
TCAL_00691,"Similar to Pik3cb Phosphatidylinositol 4,5-bisphosphate 3-kinase catalytic subunit beta isoform (Mus musculus)",0.000769869,1,NA,NA,NA,NA,NA,NA,0.418650082,0.006833264,NA,NA,NA,NA
TCAL_00706,Similar to GLIS3 Zinc finger protein GLIS3 (Homo sapiens),NA,NA,NA,NA,-0.302974139,0.086476254,NA,NA,NA,NA,NA,NA,NA,NA
TCAL_00716,Similar to Plxdc1 Plexin domain-containing protein 1 (Mus musculus),NA,NA,NA,NA,NA,NA,-0.381865114,0.031895727,NA,NA,0.367814144,0.055923878,NA,NA
TCAL_00722,Similar to PGM1 Phosphoglucomutase-1 (Bos taurus),NA,NA,NA,NA,NA,NA,0.347487575,0.099963947,NA,NA,NA,NA,NA,NA
TCAL_00727,Similar to emc6 ER membrane protein complex subunit 6 (Xenopus laevis),NA,NA,NA,NA,NA,NA,-0.207098893,0.094113952,NA,NA,NA,NA,NA,NA
TCAL_00735,Similar to ZK550.6 Probable phytanoyl-CoA dioxygenase (Caenorhabditis elegans),2.50E-18,2,NA,NA,0.299569857,4.52E-05,0.403814627,6.96E-10,NA,NA,-0.354727554,1.36E-07,-0.222726184,0.021484463
TCAL_00758,Similar to MFGE8 Lactadherin (Homo sapiens),NA,NA,NA,NA,NA,NA,0.41051985,0.069842522,NA,NA,NA,NA,NA,NA
TCAL_00763,"Similar to slc52a3a Solute carrier family 52, riboflavin transporter, member 3-A (Danio rerio)",NA,NA,NA,NA,NA,NA,NA,NA,0.324503364,0.074599798,0.34876593,0.054857945,NA,NA
TCAL_00766,Similar to Slc22a1 Solute carrier family 22 member 1 (Rattus norvegicus),1.23E-34,7,0.597972784,5.35E-07,0.872428429,1.08E-16,0.809224565,1.58E-14,1.105281302,1.10E-27,0.296056736,0.037472005,NA,NA
TCAL_00767,Similar to oct-1 Organic cation transporter 1 (Caenorhabditis elegans),2.50E-07,8,-0.396024357,0.08258265,-0.535623509,0.001185879,-0.487811276,0.003123272,-0.708315617,1.12E-06,NA,NA,NA,NA
TCAL_00771,"Similar to Pde11 Dual 3',5'-cyclic-AMP and -GMP phosphodiesterase 11 (Drosophila melanogaster)",0.003602404,5,NA,NA,NA,NA,NA,NA,NA,NA,NA,NA,NA,NA
TCAL_00777,Similar to KCNJ12 ATP-sensitive inward rectifier potassium channel 12 (Homo sapiens),0.000153014,4,NA,NA,NA,NA,NA,NA,NA,NA,NA,NA,NA,NA
TCAL_00796,Similar to ogfod2 2-oxoglutarate and iron-dependent oxygenase domain-containing protein 2 (Danio rerio),1.51E-12,3,NA,NA,0.593872097,6.20E-05,0.701228413,2.49E-07,NA,NA,-0.426901456,0.008353834,NA,NA
TCAL_00797,sarcospan isoform X1,1.19E-07,8,NA,NA,NA,NA,NA,NA,-0.528522202,0.004291277,-0.47057679,0.021690184,NA,NA
TCAL_00799,Similar to Blm Bloom syndrome protein homolog (Drosophila melanogaster),NA,NA,NA,NA,NA,NA,NA,NA,0.358018806,0.058654108,NA,NA,NA,NA
TCAL_00817,Similar to ZNF782 Zinc finger protein 782 (Homo sapiens),5.64E-07,2,NA,NA,NA,NA,0.499163727,0.01184522,NA,NA,-0.623262684,0.000889496,-0.5381326,0.028062654
TCAL_00821,Similar to COG5 Conserved oligomeric Golgi complex subunit 5 (Homo sapiens),0.000572821,2,NA,NA,0.248196264,0.018268766,NA,NA,NA,NA,NA,NA,NA,NA
TCAL_00827,Similar to Cdk5rap2 CDK5 regulatory subunit-associated protein 2 (Mus musculus),5.47E-06,2,NA,NA,0.264290892,0.076771304,0.378286534,0.000953579,NA,NA,-0.308427553,0.017512018,-0.303397548,0.067610946
TCAL_00828,Similar to Venom dipeptidyl peptidase 4 (Apis mellifera),2.20E-05,8,NA,NA,NA,NA,-0.243426385,0.035383204,-0.29394056,0.005645163,NA,NA,NA,NA
TCAL_00832,Similar to MBLAC2 Metallo-beta-lactamase domain-containing protein 2 (Bos taurus),NA,NA,NA,NA,NA,NA,0.587639878,0.087058972,NA,NA,NA,NA,NA,NA
TCAL_00843,Similar to Rdh13 Retinol dehydrogenase 13 (Mus musculus),0.000404016,2,NA,NA,NA,NA,0.320817422,0.018874036,NA,NA,NA,NA,NA,NA
TCAL_00854,Similar to CTSZ Cathepsin Z (Homo sapiens),NA,NA,NA,NA,NA,NA,NA,NA,-0.239301137,0.055771074,-0.278381399,0.019108942,NA,NA
TCAL_00874,Protein of unknown function,NA,NA,NA,NA,NA,NA,-0.266090023,0.07977802,NA,NA,NA,NA,NA,NA
TCAL_00896,Protein of unknown function,3.73E-13,3,0.476512299,0.000105785,0.547126555,1.04E-06,0.747056883,3.06E-13,0.394326147,0.00114794,-0.352730737,0.006555622,NA,NA
TCAL_00897,Similar to isoc2 Isochorismatase domain-containing protein 2 (Xenopus laevis),0.000260932,2,0.441198928,0.086963251,NA,NA,0.525203824,0.004860655,NA,NA,-0.406445883,0.065933266,NA,NA
TCAL_00899,Protein of unknown function,1.52E-07,8,-0.449166062,0.066205075,-0.594319061,0.00108373,-0.480227832,0.01184522,-0.76149289,2.40E-06,NA,NA,NA,NA
TCAL_00909,Protein of unknown function,1.48E-36,4,-1.63482248,1.05E-13,-2.058829859,1.18E-20,-1.595767279,1.58E-14,-0.477596747,0.087447254,1.118170533,1.31E-06,NA,NA
TCAL_00914,Similar to PIGN GPI ethanolamine phosphate transferase 1 (Homo sapiens),0.000592774,8,NA,NA,NA,NA,NA,NA,NA,NA,NA,NA,NA,NA
TCAL_00918,Similar to Atp7a Copper-transporting ATPase 1 (Mus musculus),NA,NA,NA,NA,NA,NA,0.288516132,0.066038385,NA,NA,NA,NA,NA,NA
TCAL_00940,delta-sarcoglycan-like,NA,NA,NA,NA,NA,NA,-0.935629497,0.003253682,NA,NA,NA,NA,NA,NA
TCAL_00956,Similar to CCND3 G1/S-specific cyclin-D3 (Bos taurus),NA,NA,NA,NA,NA,NA,NA,NA,NA,NA,1.022840989,0.078408295,NA,NA
TCAL_00957,"Similar to msta Protein msta, isoform A (Drosophila melanogaster)",0.000365603,3,0.585651886,0.012099177,0.452034676,0.073285526,0.683265442,0.000283118,0.579558249,0.003937936,NA,NA,NA,NA
TCAL_00968,Similar to Alad Delta-aminolevulinic acid dehydratase (Mus musculus),3.00E-05,4,NA,NA,NA,NA,NA,NA,0.188834787,0.090926821,0.225838001,0.030261564,NA,NA
TCAL_00970,Similar to Pax6 Paired box protein Pax-6 (Rattus norvegicus),0.000861796,1,NA,NA,NA,NA,NA,NA,NA,NA,0.569080651,0.007973073,NA,NA
TCAL_00975,Similar to CG7766 Probable phosphorylase b kinase regulatory subunit alpha (Drosophila melanogaster),5.98E-07,3,NA,NA,0.193773397,0.038789134,0.187864324,0.031556349,0.192653509,0.02700408,NA,NA,NA,NA
TCAL_01014,Similar to ESRRG Estrogen-related receptor gamma (Pongo abelii),4.93E-10,3,NA,NA,0.302597313,0.090318175,0.561079921,5.65E-06,0.576745403,2.27E-06,NA,NA,-0.347981476,0.075240959
TCAL_01016,Similar to Agrn Agrin (Rattus norvegicus),4.07E-05,4,NA,NA,NA,NA,NA,NA,NA,NA,0.665823885,0.004231341,NA,NA
TCAL_01020,thyroglobulin-like isoform X2,NA,NA,NA,NA,NA,NA,-0.249928614,0.090410593,NA,NA,NA,NA,NA,NA
TCAL_01040,Similar to ABCG1 ATP-binding cassette sub-family G member 1 (Homo sapiens),0.00511199,5,NA,NA,NA,NA,NA,NA,NA,NA,-0.483669757,0.099028412,NA,NA
TCAL_01041,Similar to SULT1B1 Sulfotransferase family cytosolic 1B member 1 (Gallus gallus),1.03E-09,1,NA,NA,NA,NA,NA,NA,1.076122388,0.01432473,1.859071653,5.24E-07,NA,NA
TCAL_01046,"Similar to Gpdh Glycerol-3-phosphate dehydrogenase [NAD(+)], cytoplasmic (Drosophila americana)",1.60E-09,8,NA,NA,-0.313793174,0.010991884,-0.270228985,0.02850114,-0.378787371,0.000462191,NA,NA,NA,NA
TCAL_01059,Similar to acsbg2 Long-chain-fatty-acid--CoA ligase ACSBG2 (Xenopus laevis),1.32E-07,6,-0.37913462,0.00352726,-0.317756506,0.015154567,-0.252030042,0.066727485,-0.41189161,0.000206498,NA,NA,NA,NA
TCAL_01067,Protein of unknown function,NA,NA,NA,NA,NA,NA,0.511639737,0.080798687,NA,NA,NA,NA,NA,NA
TCAL_01071,Similar to HMCN1 Hemicentin-1 (Homo sapiens),4.87E-09,5,NA,NA,NA,NA,0.450711911,0.031400443,NA,NA,-0.708894228,9.30E-05,-0.735051283,0.00036238
TCAL_01087,Similar to PDIA3 Protein disulfide-isomerase A3 (Gallus gallus),NA,NA,NA,NA,NA,NA,-0.437673446,0.077977882,NA,NA,NA,NA,NA,NA
TCAL_01099,Similar to bowl Protein bowel (Drosophila melanogaster),0.001300018,1,NA,NA,NA,NA,NA,NA,NA,NA,NA,NA,NA,NA
TCAL_01108,Similar to CG12034 Putative neutral sphingomyelinase (Drosophila melanogaster),NA,NA,NA,NA,NA,NA,NA,NA,0.253531977,0.090765607,NA,NA,NA,NA
TCAL_01109,Protein of unknown function,NA,NA,NA,NA,NA,NA,NA,NA,0.622617282,0.097516581,NA,NA,NA,NA
TCAL_01110,Similar to NCAM2 Neural cell adhesion molecule 2 (Homo sapiens),NA,NA,NA,NA,NA,NA,0.641368408,0.08943647,NA,NA,NA,NA,NA,NA
TCAL_01135,Similar to Orct Organic cation transporter protein (Drosophila melanogaster),0.000105855,1,NA,NA,NA,NA,NA,NA,NA,NA,NA,NA,NA,NA
TCAL_01137,Similar to PIP5K5 Phosphatidylinositol 4-phosphate 5-kinase 5 (Arabidopsis thaliana),0.00039907,8,NA,NA,-0.917663904,0.038789134,-1.023356106,0.009078381,-0.975708154,0.01449518,NA,NA,NA,NA
TCAL_01139,Similar to Klf11 Krueppel-like factor 11 (Mus musculus),0.000242461,1,NA,NA,NA,NA,NA,NA,NA,NA,NA,NA,NA,NA
TCAL_01150,Similar to bwa Alkaline ceramidase (Drosophila melanogaster),7.09E-05,6,NA,NA,NA,NA,-0.270625108,0.02024882,-0.254633135,0.036799094,NA,NA,NA,NA
TCAL_01160,Similar to CEP104 Centrosomal protein of 104 kDa (Homo sapiens),0.001841333,8,-0.511477662,0.046368601,NA,NA,NA,NA,NA,NA,NA,NA,NA,NA
TCAL_01161,Similar to mmlH Probable 4-methylmuconolactone transporter (Cupriavidus necator (strain JMP 134 / LMG 1197)),1.36E-32,8,-0.560324964,1.40E-06,-0.909484652,1.06E-18,-0.873227412,1.33E-17,-0.893511763,3.08E-18,NA,NA,0.312902447,0.099397433
TCAL_01177,Similar to SRSF1 Serine/arginine-rich splicing factor 1 (Gallus gallus),0.002018701,8,NA,NA,NA,NA,NA,NA,NA,NA,NA,NA,NA,NA
TCAL_01178,Similar to spin Protein spinster (Drosophila melanogaster),0.000183052,7,NA,NA,NA,NA,NA,NA,NA,NA,NA,NA,NA,NA
TCAL_01209,Similar to Isy1 Pre-mRNA-splicing factor ISY1 homolog (Mus musculus),NA,NA,NA,NA,NA,NA,0.243541437,0.087103314,NA,NA,NA,NA,NA,NA
TCAL_01218,Similar to Imp4 U3 small nucleolar ribonucleoprotein protein IMP4 (Rattus norvegicus),NA,NA,NA,NA,NA,NA,-0.254163714,0.087421693,NA,NA,NA,NA,NA,NA
TCAL_01220,Similar to YIL108W Putative zinc metalloproteinase YIL108W (Saccharomyces cerevisiae (strain ATCC 204508 / S288c)),6.38E-05,6,NA,NA,NA,NA,NA,NA,-0.550922868,0.037137299,-0.535833393,0.055401462,NA,NA
TCAL_01224,"Similar to FGD4 FYVE, RhoGEF and PH domain-containing protein 4 (Homo sapiens)",0.012061122,9,NA,NA,NA,NA,NA,NA,NA,NA,-0.379962494,0.011212038,NA,NA
TCAL_01237,Protein of unknown function,1.48E-08,1,NA,NA,NA,NA,0.339608371,0.002812971,0.416978804,6.30E-05,NA,NA,NA,NA
TCAL_01264,Similar to TBC1D30 TBC1 domain family member 30 (Homo sapiens),0.001080898,5,NA,NA,NA,NA,NA,NA,-0.431272832,0.028378932,-0.376538572,0.093193398,NA,NA
TCAL_01265,Similar to SLC31A1 High affinity copper uptake protein 1 (Homo sapiens),NA,NA,NA,NA,0.545943864,0.080669081,0.634939987,0.014709564,NA,NA,NA,NA,NA,NA
TCAL_01274,Similar to L-amino-acid oxidase (Siganus canaliculatus),0.000161762,4,NA,NA,-0.66212114,0.099989531,NA,NA,NA,NA,NA,NA,NA,NA
TCAL_01294,"Similar to BCO1 Beta,beta-carotene 15,15'-dioxygenase (Gallus gallus)",0.000402466,8,NA,NA,NA,NA,NA,NA,-0.53796699,0.003366445,-0.41188676,0.064411065,NA,NA
TCAL_01295,Protein of unknown function,8.95E-05,6,-0.367844589,0.071632924,-0.331725115,0.084473241,-0.499463555,0.000549433,-0.341388756,0.049008698,NA,NA,NA,NA
TCAL_01306,Similar to C9orf78 Uncharacterized protein C9orf78 (Homo sapiens),0.000470868,2,NA,NA,NA,NA,NA,NA,NA,NA,NA,NA,NA,NA
TCAL_01313,Protein of unknown function,NA,NA,NA,NA,NA,NA,NA,NA,NA,NA,0.41219081,0.08512094,NA,NA
TCAL_01314,Similar to Phospholipase A2 isozymes PA3A/PA3B/PA5 (Heloderma suspectum),0.001134774,1,NA,NA,NA,NA,NA,NA,NA,NA,NA,NA,NA,NA
TCAL_01315,Similar to srr Probable serine racemase (Dictyostelium discoideum),7.00E-05,2,NA,NA,NA,NA,NA,NA,NA,NA,NA,NA,NA,NA
TCAL_01322,Similar to JUN Transcription factor AP-1 (Gallus gallus),3.54E-08,6,NA,NA,-0.322953077,0.001745636,-0.339105469,0.000486819,-0.24703267,0.02694199,NA,NA,NA,NA
TCAL_01330,Protein of unknown function,1.49E-06,2,NA,NA,0.339569284,0.013591611,0.365219017,0.003479817,NA,NA,NA,NA,NA,NA
TCAL_01333,Similar to ZNF585B Zinc finger protein 585B (Homo sapiens),0.000190516,5,NA,NA,NA,NA,NA,NA,-0.38814983,0.065763208,-0.514549009,0.005369988,NA,NA
TCAL_01339,Similar to KAT8 Histone acetyltransferase KAT8 (Homo sapiens),1.90E-09,2,NA,NA,NA,NA,0.452182089,0.000816873,NA,NA,-0.469583488,0.000565088,NA,NA
TCAL_01347,Similar to MTAP S-methyl-5'-thioadenosine phosphorylase (Macaca mulatta),0.00087357,8,NA,NA,NA,NA,-0.286072012,0.08773119,NA,NA,NA,NA,NA,NA
TCAL_01360,Similar to Slc25a32 Mitochondrial folate transporter/carrier (Mus musculus),0.000550666,4,NA,NA,NA,NA,NA,NA,NA,NA,0.731132943,0.086183558,NA,NA
TCAL_01380,Similar to Eef2k Eukaryotic elongation factor 2 kinase (Mus musculus),8.04E-16,2,0.427784573,0.002854739,0.521970553,2.20E-05,0.705098265,2.26E-10,NA,NA,-0.725748028,6.39E-11,NA,NA
TCAL_01381,calmodulin-2 4-like,6.55E-05,2,NA,NA,NA,NA,0.73350162,0.005362453,NA,NA,NA,NA,NA,NA
TCAL_01384,Similar to rgn Regucalcin (Xenopus laevis),0.000872464,6,NA,NA,NA,NA,NA,NA,-0.180840072,0.091000195,-0.250031504,0.006616322,NA,NA
TCAL_01402,Similar to Carboxypeptidase B (Astacus astacus),2.12E-06,8,NA,NA,-0.268939206,0.033770663,-0.344069092,0.001144635,-0.327367066,0.002192718,NA,NA,NA,NA
TCAL_01409,Similar to CALCOCO2 Calcium-binding and coiled-coil domain-containing protein 2 (Homo sapiens),0.001262309,7,NA,NA,NA,NA,0.19195802,0.075986258,NA,NA,NA,NA,NA,NA
TCAL_01416,Similar to agmo Alkylglycerol monooxygenase (Xenopus tropicalis),0.000242578,7,NA,NA,NA,NA,NA,NA,0.527465066,0.007765425,NA,NA,NA,NA
TCAL_01441,Similar to Cyt-b5 Cytochrome b5 (Drosophila melanogaster),0.000638147,1,NA,NA,NA,NA,NA,NA,NA,NA,NA,NA,NA,NA
TCAL_01455,Similar to AAEL008004 Elongation of very long chain fatty acids protein AAEL008004 (Aedes aegypti),0.000142502,4,NA,NA,NA,NA,NA,NA,NA,NA,NA,NA,NA,NA
TCAL_01456,Protein of unknown function,1.66E-07,2,NA,NA,0.472472116,0.00615983,0.612627868,3.30E-05,NA,NA,NA,NA,NA,NA
TCAL_01463,Similar to obst-E Protein obstructor-E (Drosophila melanogaster),0.000879831,8,-0.998854463,0.015963756,-0.83052702,0.044724619,-0.896012835,0.014833042,-1.013506126,0.003752949,NA,NA,NA,NA
TCAL_01465,serine protease inhibitor Kazal-type 1-like,NA,NA,NA,NA,NA,NA,0.279523697,0.041314234,NA,NA,NA,NA,NA,NA
TCAL_01466,Similar to MMP9 Matrix metalloproteinase-9 (Canis lupus familiaris),NA,NA,NA,NA,NA,NA,NA,NA,NA,NA,0.585629887,0.030261564,NA,NA
TCAL_01471,Protein of unknown function,3.63E-05,1,NA,NA,NA,NA,NA,NA,NA,NA,NA,NA,NA,NA
TCAL_01493,transforming growth factor-beta-induced ig-h3,0.000547837,2,NA,NA,NA,NA,0.425533317,0.029409793,NA,NA,NA,NA,NA,NA
TCAL_01495,Protein of unknown function,0.002819461,4,NA,NA,NA,NA,NA,NA,1.304701335,0.01014947,NA,NA,NA,NA
TCAL_01497,Protein of unknown function,NA,NA,NA,NA,NA,NA,NA,NA,1.808266062,0.084799438,NA,NA,NA,NA
TCAL_01503,Similar to EAG_12746 Diuretic hormone class 2 (Camponotus floridanus),8.86E-05,4,-0.938662981,0.003440034,-0.683868445,0.053580055,-1.40785051,3.74E-08,NA,NA,0.893289836,0.003724604,NA,NA
TCAL_01505,Similar to LRRC20 Leucine-rich repeat-containing protein 20 (Homo sapiens),2.04E-05,7,NA,NA,NA,NA,0.442289216,0.010816469,0.469727939,0.005243411,NA,NA,NA,NA
TCAL_01527,Similar to rl Mitogen-activated protein kinase ERK-A (Drosophila melanogaster),NA,NA,NA,NA,NA,NA,NA,NA,NA,NA,-0.230926965,0.096419195,NA,NA
TCAL_01534,Similar to Hsp83 Heat shock protein 83 (Fragment) (Drosophila simulans),0.000154162,8,NA,NA,-0.655071,0.016309037,-0.656034394,0.01073302,-0.538808578,0.060854159,NA,NA,NA,NA
TCAL_01542,Similar to mdh Malate dehydrogenase (Pyrococcus horikoshii (strain ATCC 700860 / DSM 12428 / JCM 9974 / NBRC 100139 / OT-3)),3.93E-16,9,NA,NA,NA,NA,0.158922361,0.021665865,-0.185601897,0.005834019,-0.344524257,3.57E-10,NA,NA
TCAL_01551,cuticle -like,1.45E-52,2,0.778393005,1.92E-13,1.151686043,8.36E-32,1.386708999,1.90E-47,0.68405409,6.79E-11,-0.702654909,1.43E-12,-0.608315994,2.40E-08
TCAL_01566,Similar to Fjx1 Four-jointed box protein 1 (Mus musculus),4.98E-06,1,NA,NA,NA,NA,NA,NA,NA,NA,NA,NA,NA,NA
TCAL_01576,Similar to Plscr2 Phospholipid scramblase 2 (Mus musculus),0.00226308,1,NA,NA,NA,NA,NA,NA,0.233273743,0.074983862,0.316736323,0.005894277,NA,NA
TCAL_01584,Similar to Rps3 40S ribosomal protein S3 (Rattus norvegicus),4.21E-05,6,NA,NA,-0.113724338,0.061341971,-0.102894427,0.079798664,NA,NA,NA,NA,NA,NA
TCAL_01587,Similar to Lonrf3 LON peptidase N-terminal domain and RING finger protein 3 (Mus musculus),1.01E-05,1,-0.470337905,0.000699946,-0.323066305,0.045162539,NA,NA,NA,NA,NA,NA,NA,NA
TCAL_01591,Protein of unknown function,0.000778792,9,NA,NA,NA,NA,NA,NA,NA,NA,-0.252208807,0.08392604,NA,NA
TCAL_01598,Similar to Dnajb9 DnaJ homolog subfamily B member 9 (Rattus norvegicus),0.000783091,4,NA,NA,NA,NA,NA,NA,NA,NA,0.454612953,0.078447298,NA,NA
TCAL_01616,Similar to At1g12160 Flavin-containing monooxygenase FMO GS-OX-like 1 (Arabidopsis thaliana),NA,NA,NA,NA,NA,NA,NA,NA,NA,NA,-0.200922212,0.042477426,NA,NA
TCAL_01621,Protein of unknown function,0.000755544,1,NA,NA,NA,NA,NA,NA,2.368678294,0.03827328,2.214127285,0.072664262,NA,NA
TCAL_01633,Protein of unknown function,NA,NA,NA,NA,NA,NA,-0.40794744,0.040008547,NA,NA,NA,NA,NA,NA
TCAL_01642,Similar to Ttc26 Intraflagellar transport protein 56 (Mus musculus),NA,NA,NA,NA,NA,NA,0.688653445,0.07548555,NA,NA,-0.773899187,0.046211785,NA,NA
TCAL_01646,Similar to nfil3 Nuclear factor interleukin-3-regulated protein (Danio rerio),2.06E-08,3,1.067083205,0.062759186,1.503643192,0.000215276,1.928903786,1.09E-07,1.359520294,0.000858054,NA,NA,NA,NA
TCAL_01675,Similar to Tret1-2 Facilitated trehalose transporter Tret1-2 homolog (Drosophila simulans),1.15E-09,6,NA,NA,-0.498374644,0.001777692,-0.434697794,0.006842875,-0.649930501,4.40E-06,NA,NA,NA,NA
TCAL_01678,Similar to ANPEP Aminopeptidase N (Felis catus),4.97E-08,7,0.2833171,0.068179189,0.315334153,0.012074822,0.402696697,0.000182027,0.472241607,3.19E-06,NA,NA,NA,NA
TCAL_01682,Similar to ninaB Carotenoid isomerooxygenase (Galleria mellonella),1.49E-37,1,NA,NA,4.114007112,0.000507114,4.830608861,5.99E-06,6.632264021,1.15E-11,1.80165516,9.90E-06,-2.39461449,0.003689572
TCAL_01691,"Similar to Gls Glutaminase kidney isoform, mitochondrial (Mus musculus)",9.65E-09,6,NA,NA,-0.448320233,0.000252278,-0.469337259,6.09E-05,-0.338039255,0.010768191,NA,NA,NA,NA
TCAL_01703,Protein of unknown function,0.000384602,2,NA,NA,0.494796389,0.064863637,NA,NA,NA,NA,NA,NA,NA,NA
TCAL_01734,Similar to cho-1 High-affinity choline transporter 1 (Caenorhabditis elegans),0.000140811,8,NA,NA,NA,NA,NA,NA,-0.375239225,0.081949299,NA,NA,NA,NA
TCAL_01737,Similar to Slc22a7 Solute carrier family 22 member 7 (Mus musculus),9.88E-22,7,NA,NA,0.721857462,4.66E-05,0.971046281,9.79E-10,1.164052522,4.17E-14,NA,NA,-0.740002618,0.000102045
TCAL_01744,Similar to Nkrf NF-kappa-B-repressing factor (Mus musculus),0.004155406,2,NA,NA,NA,NA,NA,NA,NA,NA,NA,NA,NA,NA
TCAL_01755,Protein of unknown function,NA,NA,NA,NA,0.942805129,0.042253438,NA,NA,NA,NA,NA,NA,NA,NA
TCAL_01756,Similar to GFPT1 Glutamine--fructose-6-phosphate aminotransferase [isomerizing] 1 (Homo sapiens),0.000126802,4,NA,NA,NA,NA,NA,NA,NA,NA,0.264109662,0.012307848,NA,NA
TCAL_01760,Similar to Oxa1l Mitochondrial inner membrane protein OXA1L (Mus musculus),0.003611743,3,NA,NA,NA,NA,NA,NA,NA,NA,NA,NA,NA,NA
TCAL_01769,Similar to CarT Carcinine transporter (Drosophila melanogaster),1.98E-06,8,NA,NA,-0.363310863,0.035162984,-0.342571136,0.035383204,-0.506242566,0.000270245,NA,NA,NA,NA
TCAL_01770,Protein of unknown function,NA,NA,NA,NA,NA,NA,-1.24349373,0.038105819,NA,NA,NA,NA,NA,NA
TCAL_01775,Similar to RCN3 Reticulocalbin-3 (Homo sapiens),3.99E-05,1,NA,NA,NA,NA,NA,NA,NA,NA,NA,NA,NA,NA
TCAL_01776,Similar to CMTM4 CKLF-like MARVEL transmembrane domain-containing protein 4 (Homo sapiens),1.24E-07,8,NA,NA,-0.30294608,0.021559366,-0.408191398,0.000199166,-0.324878265,0.006503153,NA,NA,NA,NA
TCAL_01783,uncharacterized oxidoreductase dhs-27-like,0.001046937,4,NA,NA,NA,NA,NA,NA,0.18958054,0.049834218,NA,NA,NA,NA
TCAL_01788,Similar to tp53 Cellular tumor antigen p53 (Xiphophorus maculatus),3.48E-14,2,0.547126612,0.031141259,0.648020444,0.001430958,0.788531797,1.31E-05,NA,NA,-1.067044787,7.01E-10,NA,NA
TCAL_01798,Similar to hebp1 Heme-binding protein 1 (Xenopus tropicalis),0.000452933,2,0.449495616,0.016515782,NA,NA,0.436555463,0.007686527,NA,NA,-0.602775512,3.45E-05,NA,NA
TCAL_01845,Similar to Nxnl2 Nucleoredoxin-like protein 2 (Mus musculus),0.000763202,4,NA,NA,NA,NA,-0.346243211,0.017722652,NA,NA,NA,NA,NA,NA
TCAL_01882,Similar to amt-3 Putative ammonium transporter 3 (Caenorhabditis elegans),3.28E-06,2,NA,NA,0.359893407,0.071734907,0.470865292,0.002802691,NA,NA,NA,NA,NA,NA
TCAL_01895,Protein of unknown function,NA,NA,NA,NA,NA,NA,0.471231419,0.012709683,NA,NA,NA,NA,NA,NA
TCAL_01902,Similar to THOC2 THO complex subunit 2 (Rhinolophus ferrumequinum),0.001783802,2,0.370554233,0.083386322,0.352290813,0.065021431,NA,NA,NA,NA,NA,NA,NA,NA
TCAL_01903,Protein of unknown function,4.81E-07,2,0.352403004,0.061969033,0.394428104,0.009560165,0.576218209,4.91E-06,NA,NA,-0.386278714,0.010712426,NA,NA
TCAL_01916,Similar to CG31559 Glutaredoxin domain-containing cysteine-rich protein CG31559 (Drosophila melanogaster),NA,NA,NA,NA,NA,NA,NA,NA,NA,NA,-0.454025047,0.079120715,NA,NA
TCAL_01955,Protein of unknown function,0.000581119,1,NA,NA,NA,NA,NA,NA,NA,NA,1.147501623,0.011057335,NA,NA
TCAL_01956,Similar to Glod4 Glyoxalase domain-containing protein 4 (Mus musculus),2.29E-05,8,NA,NA,NA,NA,-0.260246588,0.015845314,-0.277718883,0.008037514,NA,NA,NA,NA
TCAL_01958,Protein of unknown function,7.86E-06,6,NA,NA,-0.713242431,0.040810822,-0.73600878,0.020198954,-0.934899208,0.001042172,NA,NA,NA,NA
TCAL_01961,Similar to Tuba1c Tubulin alpha-1C chain (Mus musculus),NA,NA,NA,NA,NA,NA,NA,NA,0.237287588,0.076265308,NA,NA,NA,NA
TCAL_01967,Protein of unknown function,0.000437865,1,NA,NA,NA,NA,0.676097906,0.085952704,NA,NA,NA,NA,NA,NA
TCAL_01975,Similar to cah-5 Putative carbonic anhydrase 5 (Caenorhabditis elegans),8.17E-10,2,0.379243508,0.009314732,0.421095247,0.000825819,0.634978008,3.90E-09,NA,NA,-0.488255194,2.74E-05,NA,NA
TCAL_01980,Similar to RAPGEF1 Rap guanine nucleotide exchange factor 1 (Homo sapiens),0.00855251,7,NA,NA,NA,NA,NA,NA,NA,NA,NA,NA,NA,NA
TCAL_01982,Similar to Orct2 Organic cation transporter-like protein (Drosophila melanogaster),0.001271538,2,NA,NA,0.306403624,0.061341971,NA,NA,NA,NA,NA,NA,NA,NA
TCAL_01998,Similar to SDR39U1 Epimerase family protein SDR39U1 (Bos taurus),NA,NA,NA,NA,NA,NA,NA,NA,-0.30378829,0.090117188,NA,NA,NA,NA
TCAL_01999,Protein of unknown function,1.29E-07,7,NA,NA,NA,NA,0.902672903,0.001583325,0.732702995,0.021515481,NA,NA,-0.997108036,0.002997983
TCAL_02002,Similar to CLPTM1L Cleft lip and palate transmembrane protein 1-like protein (Gallus gallus),0.000280342,9,NA,NA,NA,NA,NA,NA,NA,NA,-0.200139925,0.023590865,NA,NA
TCAL_02011,Similar to gsb-n Protein gooseberry-neuro (Drosophila melanogaster),NA,NA,NA,NA,NA,NA,NA,NA,-0.294577755,0.026809138,NA,NA,NA,NA
TCAL_02014,Protein of unknown function,NA,NA,NA,NA,1.326024316,0.09462727,NA,NA,NA,NA,NA,NA,NA,NA
TCAL_02017,Similar to PGM3 Phosphoacetylglucosamine mutase (Sus scrofa),NA,NA,NA,NA,NA,NA,NA,NA,NA,NA,-0.619562224,0.042438914,NA,NA
TCAL_02025,Protein of unknown function,5.57E-10,6,-0.345326171,0.068009351,-0.488074276,0.00036686,-0.535214238,3.15E-05,-0.531132603,3.43E-05,NA,NA,NA,NA
TCAL_02032,Similar to ddr-1 Discoidin domain-containing receptor A (Caenorhabditis elegans),8.05E-06,2,NA,NA,1.105793142,0.057703017,1.237077733,0.012364422,NA,NA,NA,NA,NA,NA
TCAL_02034,Similar to SMYD4 SET and MYND domain-containing protein 4 (Pongo abelii),NA,NA,NA,NA,NA,NA,-0.221926419,0.088367054,NA,NA,NA,NA,NA,NA
TCAL_02050,Similar to CCT7 T-complex protein 1 subunit eta (Gallus gallus),NA,NA,NA,NA,NA,NA,-0.267027766,0.026289553,-0.254920236,0.0399051,NA,NA,NA,NA
TCAL_02060,Similar to IMP3 U3 small nucleolar ribonucleoprotein protein IMP3 (Homo sapiens),0.00026032,6,NA,NA,NA,NA,-0.290716389,0.01519054,NA,NA,NA,NA,NA,NA
TCAL_02062,Similar to thbs1 Thrombospondin-1 (Xenopus laevis),0.002863081,2,NA,NA,NA,NA,NA,NA,NA,NA,NA,NA,NA,NA
TCAL_02065,Protein of unknown function,0.001115895,3,NA,NA,NA,NA,0.211573146,0.044474226,NA,NA,NA,NA,NA,NA
TCAL_02066,Similar to Gbeta76C Guanine nucleotide-binding protein subunit beta-2 (Drosophila melanogaster),1.66E-05,1,NA,NA,NA,NA,NA,NA,0.394830807,0.061222448,0.406331376,0.05946835,NA,NA
TCAL_02085,Similar to CHIA Acidic mammalian chitinase (Bos taurus),NA,NA,NA,NA,NA,NA,-0.315783264,0.029029335,-0.276840351,0.07856815,NA,NA,NA,NA
TCAL_02088,Protein of unknown function,9.98E-08,8,NA,NA,-0.955192429,4.73E-07,-0.658669241,0.001650648,-0.984035555,8.87E-08,NA,NA,NA,NA
TCAL_02100,Similar to CSTF2 Cleavage stimulation factor subunit 2 (Pongo abelii),NA,NA,NA,NA,NA,NA,-0.321538065,0.061002472,NA,NA,NA,NA,NA,NA
TCAL_02114,circumsporozoite -like,NA,NA,NA,NA,2.310281118,0.052716607,NA,NA,NA,NA,NA,NA,NA,NA
TCAL_02126,Similar to Gbs-76A Glycogen-binding subunit 76A (Drosophila melanogaster),4.98E-25,2,0.514809918,0.000440415,0.82843516,6.31E-12,1.181957117,3.92E-25,0.48895489,0.000305813,-0.693002227,1.91E-08,-0.6671472,8.66E-07
TCAL_02129,Similar to LAC Lachesin (Schistocerca americana),NA,NA,NA,NA,NA,NA,NA,NA,-0.291850545,0.067075143,NA,NA,NA,NA
TCAL_02138,Similar to salm Homeotic protein spalt-major (Drosophila melanogaster),9.06E-06,2,NA,NA,NA,NA,NA,NA,-0.511056308,0.0317333,-0.791214388,4.28E-05,NA,NA
TCAL_02145,Similar to pip Heparan sulfate 2-O-sulfotransferase pipe (Drosophila melanogaster),2.05E-07,4,-0.263521827,0.060577527,-0.315110422,0.003953764,-0.310779035,0.003087846,NA,NA,NA,NA,NA,NA
TCAL_02167,Similar to nhr-14 Nuclear hormone receptor family member nhr-14 (Caenorhabditis elegans),5.83E-12,5,NA,NA,NA,NA,NA,NA,-0.821654477,6.81E-06,-1.075523114,2.24E-10,NA,NA
TCAL_02170,Similar to shv DnaJ homolog shv (Drosophila melanogaster),2.46E-05,4,NA,NA,-0.30215941,0.054669597,-0.399110025,0.001699567,NA,NA,0.305596008,0.042708555,NA,NA
TCAL_02173,Similar to DSPTP1 Dual specificity protein phosphatase 1 (Arabidopsis thaliana),0.001285365,6,-0.78866501,0.009896134,NA,NA,-0.770126325,0.003479817,-0.566961346,0.063670539,NA,NA,NA,NA
TCAL_02187,Similar to leng8 Leukocyte receptor cluster member 8 homolog (Xenopus laevis),1.75E-06,4,NA,NA,NA,NA,-0.607328837,1.79E-05,NA,NA,0.571015275,9.77E-05,0.541924784,0.001967284
TCAL_02196,Similar to Ace Acetylcholinesterase (Anopheles gambiae),0.002021304,6,NA,NA,NA,NA,-0.295229589,0.045519066,-0.273928165,0.081687498,NA,NA,NA,NA
TCAL_02200,"Similar to lrpprc Leucine-rich PPR motif-containing protein, mitochondrial (Xenopus tropicalis)",7.91E-05,8,NA,NA,-0.349222055,0.016309037,-0.351685776,0.009865325,-0.323803075,0.022226883,NA,NA,NA,NA
TCAL_02201,Similar to Elp2 Probable elongator complex protein 2 (Drosophila melanogaster),7.43E-08,2,NA,NA,0.269208466,0.008651906,NA,NA,NA,NA,NA,NA,NA,NA
TCAL_02210,Similar to Dohh Deoxyhypusine hydroxylase (Rattus norvegicus),NA,NA,NA,NA,NA,NA,-0.329689099,0.014849618,NA,NA,NA,NA,NA,NA
TCAL_02212,Similar to METTL27 Methyltransferase-like protein 27 (Homo sapiens),1.79E-06,8,NA,NA,-0.367160231,0.045162539,NA,NA,-0.485302494,0.001271255,NA,NA,NA,NA
TCAL_02215,Juvenile hormone-inducible,1.17E-13,3,NA,NA,0.71460834,0.003439145,1.11607595,1.08E-08,0.893588043,2.20E-05,NA,NA,-0.572759576,0.050940847
TCAL_02223,Similar to TTLL12 Tubulin--tyrosine ligase-like protein 12 (Homo sapiens),0.000636534,7,NA,NA,NA,NA,0.187029636,0.08619556,NA,NA,NA,NA,NA,NA
TCAL_02231,Similar to cat-4 GTP cyclohydrolase 1 (Caenorhabditis elegans),2.88E-08,8,NA,NA,-0.786482006,3.04E-05,-0.726573525,0.000109025,NA,NA,NA,NA,NA,NA
TCAL_02246,Similar to OSBPL8 Oxysterol-binding protein-related protein 8 (Homo sapiens),9.08E-10,9,NA,NA,NA,NA,NA,NA,-0.265683022,0.000531508,-0.344083053,1.34E-06,NA,NA
TCAL_02249,Similar to Prps1 Ribose-phosphate pyrophosphokinase 1 (Rattus norvegicus),NA,NA,NA,NA,NA,NA,0.250428623,0.055328001,0.257523622,0.049331419,NA,NA,NA,NA
TCAL_02260,"Similar to Hsp60 60 kDa heat shock protein, mitochondrial (Drosophila melanogaster)",6.14E-08,6,NA,NA,-0.231752261,0.00536379,-0.290210699,6.94E-05,-0.194432853,0.023693665,NA,NA,NA,NA
TCAL_02264,Similar to ccnl1 Cyclin-L1 (Danio rerio),NA,NA,NA,NA,NA,NA,0.274591919,0.050284779,NA,NA,NA,NA,NA,NA
TCAL_02265,Similar to inx2 Innexin inx2 (Schistocerca americana),6.60E-05,8,NA,NA,NA,NA,-0.487121294,0.015388936,NA,NA,NA,NA,NA,NA
TCAL_02270,Protein of unknown function,3.70E-05,2,NA,NA,0.379268478,0.013264923,0.313919787,0.047175673,NA,NA,NA,NA,NA,NA
TCAL_02274,Similar to Slc16a14 Monocarboxylate transporter 14 (Mus musculus),NA,NA,NA,NA,NA,NA,NA,NA,0.459608494,0.042195468,NA,NA,NA,NA
TCAL_02299,Similar to AQP11 Aquaporin-11 (Milnesium tardigradum),NA,NA,NA,NA,NA,NA,NA,NA,-0.595113715,0.006603075,-0.464775302,0.080247741,NA,NA
TCAL_02313,Similar to INSR Insulin receptor (Homo sapiens),0.000523929,8,-0.565962704,0.009896134,-0.459597735,0.040362045,-0.386680973,0.08619556,-0.421198599,0.054036636,NA,NA,NA,NA
TCAL_02314,Similar to pbsA2 Heme oxygenase 2 (Synechocystis sp. (strain PCC 6803 / Kazusa)),0.00075948,6,NA,NA,NA,NA,-0.324725051,0.027807044,-0.318562085,0.033992082,NA,NA,NA,NA
TCAL_02337,"Similar to SelD Selenide, water dikinase (Drosophila melanogaster)",NA,NA,NA,NA,NA,NA,NA,NA,-0.237207057,0.042195468,NA,NA,NA,NA
TCAL_02340,Similar to ppp1r10 Serine/threonine-protein phosphatase 1 regulatory subunit 10 (Xenopus laevis),NA,NA,NA,NA,NA,NA,NA,NA,-0.247270727,0.077100063,NA,NA,NA,NA
TCAL_02341,Similar to SORD Sorbitol dehydrogenase (Bos taurus),NA,NA,NA,NA,NA,NA,-0.275450652,0.092165413,NA,NA,NA,NA,NA,NA
TCAL_02348,Similar to dome Cytokine receptor (Drosophila melanogaster),9.25E-05,2,NA,NA,NA,NA,NA,NA,NA,NA,-0.181767869,0.026539096,NA,NA
TCAL_02364,Similar to CAM53 Calmodulin-related protein (Petunia hybrida),0.000138309,8,NA,NA,NA,NA,-0.466227062,0.007799878,-0.423454109,0.020347852,NA,NA,NA,NA
TCAL_02366,Similar to Slc6a13 Sodium- and chloride-dependent GABA transporter 2 (Rattus norvegicus),0.000372412,1,NA,NA,NA,NA,NA,NA,0.178744513,0.090926821,0.191924828,0.068102903,NA,NA
TCAL_02371,Similar to Nupr1 Nuclear protein 1 (Rattus norvegicus),7.79E-07,9,NA,NA,NA,NA,NA,NA,-0.347628812,0.002192718,-0.552603972,2.54E-08,NA,NA
TCAL_02379,Protein of unknown function,0.00043424,7,NA,NA,NA,NA,NA,NA,NA,NA,NA,NA,NA,NA
TCAL_02383,Similar to Nrk Tyrosine-protein kinase transmembrane receptor Ror2 (Drosophila melanogaster),0.00234306,5,NA,NA,NA,NA,NA,NA,NA,NA,NA,NA,NA,NA
TCAL_02396,Similar to Ppm1e Protein phosphatase 1E (Rattus norvegicus),NA,NA,NA,NA,NA,NA,NA,NA,NA,NA,0.927541566,0.03144154,NA,NA
TCAL_02409,Similar to abnB Intracellular endo-alpha-(1-5)-L-arabinanase (Geobacillus stearothermophilus),NA,NA,NA,NA,NA,NA,NA,NA,-0.369476802,0.058835146,NA,NA,NA,NA
TCAL_02413,Similar to twk-18 TWiK family of potassium channels protein 18 (Caenorhabditis elegans),3.65E-07,1,NA,NA,NA,NA,NA,NA,0.505338698,0.041746019,NA,NA,NA,NA
TCAL_02414,Similar to Cenpv Centromere protein V (Mus musculus),6.60E-07,5,NA,NA,NA,NA,0.517873952,0.012406376,NA,NA,-0.61889866,0.001974008,NA,NA
TCAL_02419,Similar to SLC6A5 Sodium- and chloride-dependent glycine transporter 2 (Homo sapiens),4.04E-10,9,NA,NA,NA,NA,NA,NA,-1.352010558,1.93E-12,-1.3276599,6.35E-12,NA,NA
TCAL_02439,Similar to CD63 CD63 antigen (Bos taurus),2.08E-21,9,NA,NA,NA,NA,NA,NA,-2.814752893,9.00E-34,-3.364232984,2.42E-48,NA,NA
TCAL_02449,Similar to Znhit3 Zinc finger HIT domain-containing protein 3 (Mus musculus),NA,NA,NA,NA,NA,NA,NA,NA,NA,NA,0.273436886,0.012750022,NA,NA
TCAL_02476,Similar to SLC5A7 High affinity choline transporter 1 (Homo sapiens),2.39E-09,8,NA,NA,-0.525670127,0.000749829,-0.516469861,0.000595812,-0.595516405,3.53E-05,NA,NA,NA,NA
TCAL_02478,Similar to SLC34A1 Sodium-dependent phosphate transport protein 2A (Oryctolagus cuniculus),0.000133367,1,NA,NA,NA,NA,NA,NA,0.4797793,0.063670539,NA,NA,NA,NA
TCAL_02479,Similar to Cyt-b5-r Cytochrome b5-related protein (Drosophila melanogaster),0.000483103,8,NA,NA,NA,NA,NA,NA,NA,NA,NA,NA,NA,NA
TCAL_02483,Similar to Rheb GTP-binding protein Rheb (Rattus norvegicus),0.000111709,7,NA,NA,NA,NA,0.485567172,0.00964362,0.461301593,0.016044501,NA,NA,NA,NA
TCAL_02491,Protein of unknown function,0.000904813,1,NA,NA,NA,NA,NA,NA,NA,NA,NA,NA,NA,NA
TCAL_02495,"Similar to NUDT9 ADP-ribose pyrophosphatase, mitochondrial (Homo sapiens)",0.000132517,2,NA,NA,NA,NA,0.329166145,0.002541239,NA,NA,NA,NA,NA,NA
TCAL_02498,Similar to PK1-R Pyrokinin-1 receptor (Drosophila melanogaster),NA,NA,NA,NA,NA,NA,0.584444022,0.090530171,NA,NA,NA,NA,NA,NA
TCAL_02499,Similar to ARSI Arylsulfatase I (Homo sapiens),0.000101598,2,NA,NA,NA,NA,0.384079684,0.021197553,NA,NA,NA,NA,NA,NA
TCAL_02513,Similar to SLC14A2 Urea transporter 2 (Homo sapiens),5.39E-11,8,NA,NA,NA,NA,NA,NA,-0.611180896,1.26E-07,-0.377917089,0.008224696,NA,NA
TCAL_02519,Similar to rom-1 Rhomboid-related protein 1 (Caenorhabditis elegans),0.001516169,2,NA,NA,NA,NA,NA,NA,NA,NA,NA,NA,NA,NA
TCAL_02520,Protein of unknown function,0.000127018,2,0.54746223,0.014659095,NA,NA,0.575568267,0.001944837,NA,NA,-0.599150006,0.001416587,NA,NA
TCAL_02523,Protein of unknown function,7.60E-05,9,NA,NA,NA,NA,NA,NA,NA,NA,-0.225280049,0.069609475,NA,NA
TCAL_02543,Protein of unknown function,0.000689459,3,NA,NA,NA,NA,1.763879021,0.001017996,NA,NA,NA,NA,NA,NA
TCAL_02550,Similar to FAM60A Protein FAM60A (Homo sapiens),0.003315217,4,NA,NA,-0.279452927,0.075474918,NA,NA,NA,NA,NA,NA,NA,NA
TCAL_02551,Similar to Abca7 ATP-binding cassette sub-family A member 7 (Rattus norvegicus),8.95E-08,2,NA,NA,NA,NA,0.312601068,0.013760877,NA,NA,-0.314159414,0.017869157,NA,NA
TCAL_02557,Similar to Ets98B DNA-binding protein D-ETS-4 (Drosophila melanogaster),1.88E-29,4,-0.882890609,4.89E-06,-1.256082455,2.11E-12,-1.985968111,2.68E-27,NA,NA,2.258852568,4.86E-36,1.103077502,1.97E-06
TCAL_02561,Similar to Ars2 Serrate RNA effector molecule homolog (Drosophila erecta),0.000167847,5,NA,NA,NA,NA,NA,NA,-0.221404914,0.043643279,NA,NA,NA,NA
TCAL_02565,Similar to Nmdar1 Glutamate [NMDA] receptor subunit 1 (Drosophila mojavensis),NA,NA,NA,NA,NA,NA,NA,NA,NA,NA,NA,NA,-0.414948617,0.095431863
TCAL_02570,Similar to slc46a1 Proton-coupled folate transporter (Xenopus laevis),4.94E-07,1,NA,NA,NA,NA,NA,NA,0.632171412,0.00047108,NA,NA,NA,NA
TCAL_02574,Similar to ATG14 Beclin 1-associated autophagy-related key regulator (Homo sapiens),NA,NA,NA,NA,-0.567047234,0.039036416,NA,NA,NA,NA,NA,NA,NA,NA
TCAL_02592,Protein of unknown function,NA,NA,NA,NA,NA,NA,NA,NA,0.475710819,0.093016115,NA,NA,NA,NA
TCAL_02596,Similar to Oda Ornithine decarboxylase antizyme (Aedes aegypti),NA,NA,NA,NA,NA,NA,NA,NA,0.219868578,0.074932936,NA,NA,NA,NA
TCAL_02607,Similar to Trypsin-1 (Astacus astacus),0.00060979,8,NA,NA,NA,NA,NA,NA,-0.36477147,0.020864466,NA,NA,NA,NA
TCAL_02614,Similar to Venom dipeptidyl peptidase 4 (Vespula vulgaris),NA,NA,NA,NA,NA,NA,NA,NA,NA,NA,0.55561878,0.009266835,NA,NA
TCAL_02618,Similar to Slc10a6 Solute carrier family 10 member 6 (Rattus norvegicus),NA,NA,NA,NA,NA,NA,NA,NA,-0.295850265,0.087465902,NA,NA,NA,NA
TCAL_02633,Similar to DNAJA1 DnaJ homolog subfamily A member 1 (Homo sapiens),0.002077633,6,NA,NA,NA,NA,NA,NA,-0.367715187,0.08761162,NA,NA,NA,NA
TCAL_02634,Similar to SLC36A1 Proton-coupled amino acid transporter 1 (Homo sapiens),0.000367598,6,NA,NA,-0.245709883,0.085204775,-0.253386793,0.044827396,-0.279250341,0.020722313,NA,NA,NA,NA
TCAL_02639,Similar to sgl UDP-glucose 6-dehydrogenase (Drosophila melanogaster),0.000163881,1,NA,NA,NA,NA,NA,NA,0.288333745,0.016591535,0.284631844,0.023590865,NA,NA
TCAL_02675,Similar to ppm1h Protein phosphatase 1H (Danio rerio),9.25E-06,2,NA,NA,0.566102344,0.058723317,0.556813694,0.041314234,NA,NA,-0.512489568,0.091274509,NA,NA
TCAL_02681,mucin-5AC isoform X2,0.000302612,9,NA,NA,NA,NA,NA,NA,-0.624141666,0.01424362,-0.550683972,0.05524395,NA,NA
TCAL_02684,Similar to E4f1 Transcription factor E4F1 (Mus musculus),0.001200135,3,NA,NA,NA,NA,NA,NA,NA,NA,NA,NA,NA,NA
TCAL_02690,Similar to pcgf3 Polycomb group RING finger protein 3 (Xenopus tropicalis),1.05E-05,2,0.519652717,0.065506067,0.59578723,0.007033328,NA,NA,NA,NA,NA,NA,NA,NA
TCAL_02700,"Similar to GstD1 Glutathione S-transferase 1, isoform D (Anopheles gambiae)",1.02E-09,4,NA,NA,-0.784700255,0.002190347,-0.659401366,0.012414261,NA,NA,0.915431235,9.24E-05,NA,NA
TCAL_02703,Protein of unknown function,0.0121409,5,NA,NA,NA,NA,NA,NA,NA,NA,NA,NA,NA,NA
TCAL_02706,Protein of unknown function,1.81E-05,1,NA,NA,NA,NA,0.239618461,0.058680901,0.296413503,0.009062109,NA,NA,NA,NA
TCAL_02707,Similar to Slc27a1 Long-chain fatty acid transport protein 1 (Mus musculus),1.37E-05,2,0.320477261,0.043939251,0.329342191,0.01536913,0.375500999,0.001815003,0.286941032,0.03827328,NA,NA,NA,NA
TCAL_02708,Protein of unknown function,NA,NA,NA,NA,NA,NA,0.32768885,0.002859706,NA,NA,NA,NA,NA,NA
TCAL_02711,Similar to Arr2 Phosrestin-1 (Drosophila melanogaster),NA,NA,NA,NA,NA,NA,NA,NA,0.256454734,0.050256073,NA,NA,NA,NA
TCAL_02715,Similar to Ubr2 E3 ubiquitin-protein ligase UBR2 (Mus musculus),3.67E-07,7,NA,NA,NA,NA,0.461830362,0.000356421,0.405988332,0.00270768,NA,NA,-0.355523277,0.059655664
TCAL_02729,Protein of unknown function,NA,NA,NA,NA,NA,NA,0.322010753,0.050284779,NA,NA,NA,NA,NA,NA
TCAL_02730,Protein of unknown function,NA,NA,NA,NA,NA,NA,NA,NA,NA,NA,0.674969488,0.0891822,NA,NA
TCAL_02743,Similar to Slc29a1 Equilibrative nucleoside transporter 1 (Rattus norvegicus),NA,NA,NA,NA,NA,NA,-0.361838656,0.030199229,NA,NA,NA,NA,NA,NA
TCAL_02744,Similar to nhr-7 Nuclear hormone receptor family member nhr-7 (Caenorhabditis elegans),3.67E-07,8,NA,NA,-0.4804961,0.002069716,-0.415630584,0.008314638,-0.424183236,0.006544261,NA,NA,NA,NA
TCAL_02758,"Similar to ECSIT Evolutionarily conserved signaling intermediate in Toll pathway, mitochondrial (Drosophila melanogaster)",0.000170577,2,NA,NA,0.286516364,0.006265702,NA,NA,NA,NA,NA,NA,NA,NA
TCAL_02762,Similar to Arrdc4 Arrestin domain-containing protein 4 (Mus musculus),1.10E-06,4,NA,NA,NA,NA,NA,NA,0.505146676,0.020023176,0.634514201,0.001804646,NA,NA
TCAL_02766,Similar to ENOSF1 Mitochondrial enolase superfamily member 1 (Homo sapiens),1.91E-06,8,NA,NA,NA,NA,NA,NA,-0.425054736,0.00335684,NA,NA,NA,NA
TCAL_02780,Similar to SLC22A3 Solute carrier family 22 member 3 (Homo sapiens),9.27E-05,4,NA,NA,NA,NA,NA,NA,NA,NA,1.012701517,0.011212038,NA,NA
TCAL_02803,Protein of unknown function,0.001382819,4,NA,NA,NA,NA,NA,NA,NA,NA,NA,NA,NA,NA
TCAL_02814,Similar to BBS2 Bardet-Biedl syndrome 2 protein (Homo sapiens),5.13E-07,8,NA,NA,-0.295718795,0.000507114,-0.212329302,0.025238186,-0.308432853,0.000129685,NA,NA,NA,NA
TCAL_02828,Similar to PRKDC DNA-dependent protein kinase catalytic subunit (Homo sapiens),0.006669902,5,NA,NA,NA,NA,NA,NA,NA,NA,NA,NA,NA,NA
TCAL_02831,Similar to Inpp1 Inositol polyphosphate 1-phosphatase (Mus musculus),0.001587882,6,NA,NA,NA,NA,-0.213937873,0.042962438,-0.199986484,0.074932936,NA,NA,NA,NA
TCAL_02845,Similar to NR2C2 Nuclear receptor subfamily 2 group C member 2 (Homo sapiens),5.84E-09,1,NA,NA,NA,NA,0.193104323,0.09536225,0.32544402,0.000276334,NA,NA,NA,NA
TCAL_02847,Similar to CCDC86 Coiled-coil domain-containing protein 86 (Bos taurus),NA,NA,NA,NA,NA,NA,-0.302781274,0.032121398,NA,NA,NA,NA,NA,NA
TCAL_02852,Similar to GATA1 Erythroid transcription factor (Gallus gallus),0.000890581,6,NA,NA,NA,NA,NA,NA,-0.40205503,0.086231422,-0.437264659,0.057187534,NA,NA
TCAL_02902,Similar to A2ML1 Alpha-2-macroglobulin-like protein 1 (Homo sapiens),1.38E-09,3,NA,NA,0.48644698,7.57E-06,0.454609949,2.68E-05,0.30919518,0.014093599,NA,NA,NA,NA
TCAL_02915,Similar to Mgst3 Microsomal glutathione S-transferase 3 (Mus musculus),0.002423432,5,NA,NA,NA,NA,NA,NA,NA,NA,-0.179736968,0.068751005,NA,NA
TCAL_02920,Similar to CG5009 Probable peroxisomal acyl-coenzyme A oxidase 1 (Drosophila melanogaster),NA,NA,NA,NA,NA,NA,NA,NA,0.183990387,0.050376318,0.186680035,0.054857945,NA,NA
TCAL_02925,Similar to SLC29A3 Equilibrative nucleoside transporter 3 (Homo sapiens),7.43E-06,8,NA,NA,NA,NA,NA,NA,-0.426883961,0.019171476,NA,NA,NA,NA
TCAL_02932,Protein of unknown function,5.04E-06,8,NA,NA,-0.433764466,0.025525606,-0.422766983,0.019794635,-0.530791576,0.001431368,NA,NA,NA,NA
TCAL_02933,Similar to nhr-3 Nuclear hormone receptor family member nhr-3 (Caenorhabditis elegans),NA,NA,NA,NA,NA,NA,NA,NA,NA,NA,-0.791443563,0.093193398,NA,NA
TCAL_02939,Similar to Mo25 Protein Mo25 (Drosophila melanogaster),0.008204266,4,NA,NA,NA,NA,NA,NA,0.162492191,0.088224365,NA,NA,NA,NA
TCAL_02944,Similar to MAM and LDL-receptor class A domain-containing protein 2 (Fragment) (Acropora millepora),0.000480971,8,NA,NA,NA,NA,NA,NA,-0.279274537,0.028457064,NA,NA,NA,NA
TCAL_02951,Similar to Shf SH2 domain-containing adapter protein F (Mus musculus),0.001695356,5,NA,NA,NA,NA,NA,NA,NA,NA,NA,NA,NA,NA
TCAL_02953,Similar to cwc15-a Protein CWC15 homolog A (Xenopus laevis),0.000450198,2,NA,NA,NA,NA,NA,NA,NA,NA,NA,NA,NA,NA
TCAL_02959,Protein of unknown function,6.07E-10,8,NA,NA,-0.771407605,0.000236403,-0.555744983,0.015638885,-1.194617207,1.16E-10,-0.638872224,0.006616322,0.551260496,0.071100711
TCAL_02961,Similar to Psmd6 26S proteasome non-ATPase regulatory subunit 6 (Mus musculus),0.005202641,3,NA,NA,NA,NA,NA,NA,NA,NA,NA,NA,NA,NA
TCAL_02966,Protein of unknown function,0.002666639,8,NA,NA,NA,NA,-0.391960589,0.08037788,-0.410607353,0.064256567,NA,NA,NA,NA
TCAL_02980,Similar to Adam10 Disintegrin and metalloproteinase domain-containing protein 10 (Mus musculus),NA,NA,NA,NA,NA,NA,-1.271388013,0.06065421,NA,NA,NA,NA,NA,NA
TCAL_02981,Similar to GXYLT2 Glucoside xylosyltransferase 2 (Homo sapiens),4.08E-05,6,NA,NA,NA,NA,NA,NA,-0.336775991,0.010106591,NA,NA,NA,NA
TCAL_02996,Similar to ASAH2 Neutral ceramidase (Homo sapiens),0.00545778,1,NA,NA,NA,NA,NA,NA,1.385176678,0.036724488,NA,NA,NA,NA
TCAL_03034,Similar to ABCA12 ATP-binding cassette sub-family A member 12 (Homo sapiens),0.001272101,7,NA,NA,NA,NA,0.323289187,0.08037788,0.337563086,0.065763208,NA,NA,NA,NA
TCAL_03051,Similar to Inx3 Innexin inx3 (Drosophila melanogaster),0.001786442,8,NA,NA,NA,NA,NA,NA,NA,NA,NA,NA,NA,NA
TCAL_03070,transient receptor potential channel pyrexia-like isoform X2,NA,NA,NA,NA,NA,NA,-0.341981428,0.063764755,NA,NA,NA,NA,NA,NA
TCAL_03074,Similar to zc2hc1a Zinc finger C2HC domain-containing protein 1A (Danio rerio),0.000117393,1,NA,NA,NA,NA,NA,NA,0.372324933,0.036243105,NA,NA,NA,NA
TCAL_03075,Similar to DCLK1 Serine/threonine-protein kinase DCLK1 (Homo sapiens),0.004643526,4,NA,NA,NA,NA,NA,NA,NA,NA,NA,NA,NA,NA
TCAL_03077,Protein of unknown function,0.000110986,2,NA,NA,NA,NA,NA,NA,NA,NA,-0.368398298,0.037781729,NA,NA
TCAL_03079,Similar to NOG Noggin (Gallus gallus),2.23E-05,1,NA,NA,NA,NA,NA,NA,1.397049886,0.003657107,1.455506213,0.002902375,NA,NA
TCAL_03095,Protein of unknown function,0.000110806,3,NA,NA,NA,NA,0.773421287,0.03429273,NA,NA,NA,NA,NA,NA
TCAL_03107,Similar to resilin Pro-resilin (Drosophila melanogaster),NA,NA,NA,NA,0.885016226,0.019600342,NA,NA,NA,NA,NA,NA,NA,NA
TCAL_03112,Similar to Tango13 Protein-tyrosine sulfotransferase (Drosophila melanogaster),0.002016925,6,NA,NA,-0.221350438,0.082253237,NA,NA,NA,NA,NA,NA,NA,NA
TCAL_03115,Similar to Nphs1 Nephrin (Mus musculus),1.33E-05,5,NA,NA,NA,NA,NA,NA,NA,NA,-0.509716741,0.001144879,NA,NA
TCAL_03119,Protein of unknown function,6.43E-07,8,NA,NA,NA,NA,-0.256458156,0.041314234,-0.401410173,0.000107305,NA,NA,NA,NA
TCAL_03120,Similar to cac Voltage-dependent calcium channel type A subunit alpha-1 (Drosophila melanogaster),4.66E-07,5,NA,NA,NA,NA,NA,NA,NA,NA,-0.58505606,0.000347947,NA,NA
TCAL_03123,Similar to CTSB Cathepsin B (Sus scrofa),5.79E-13,7,0.353274174,0.004707254,0.386240546,0.000473434,0.462995789,4.64E-06,0.617491701,6.32E-11,NA,NA,NA,NA
TCAL_03124,Similar to CBS Cystathionine beta-synthase (Macaca fascicularis),2.29E-05,7,NA,NA,0.372651949,0.002508761,0.293859087,0.025967728,0.283962485,0.036655989,NA,NA,NA,NA
TCAL_03125,Protein of unknown function,6.21E-09,9,NA,NA,NA,NA,NA,NA,-0.904634446,1.01E-08,-1.092296678,1.13E-12,NA,NA
TCAL_03140,Similar to AAEL006169 Lysosomal aspartic protease (Aedes aegypti),0.001844478,6,NA,NA,NA,NA,-0.37678372,0.014632884,-0.304406108,0.081949299,NA,NA,NA,NA
TCAL_03142,Similar to stnB Protein stoned-B (Drosophila melanogaster),0.001924816,2,NA,NA,NA,NA,0.308071488,0.028796044,NA,NA,NA,NA,NA,NA
TCAL_03143,Similar to MCT7 Tryptase (Sus scrofa),7.56E-06,3,NA,NA,0.465569168,0.001026317,0.372290951,0.013165055,0.379199068,0.010768191,NA,NA,NA,NA
TCAL_03147,"Similar to ABCB10 ATP-binding cassette sub-family B member 10, mitochondrial (Homo sapiens)",0.000376369,2,NA,NA,NA,NA,NA,NA,NA,NA,NA,NA,NA,NA
TCAL_03162,Similar to Sdc Syndecan (Drosophila melanogaster),NA,NA,NA,NA,NA,NA,NA,NA,-0.181342539,0.08701293,NA,NA,NA,NA
TCAL_03163,Similar to Myo6 Unconventional myosin-VI (Mus musculus),2.51E-05,8,NA,NA,NA,NA,NA,NA,-0.948442794,0.000549361,-0.651556341,0.064411065,NA,NA
TCAL_03168,Similar to RAB23 Ras-related protein Rab-23 (Homo sapiens),NA,NA,NA,NA,NA,NA,-0.541495627,0.034950706,NA,NA,NA,NA,NA,NA
TCAL_03171,isoform A,5.34E-05,1,NA,NA,NA,NA,NA,NA,0.337255808,0.077606478,NA,NA,NA,NA
TCAL_03190,Similar to Uro Uricase (Drosophila pseudoobscura pseudoobscura),NA,NA,NA,NA,NA,NA,0.234329075,0.036639957,NA,NA,NA,NA,NA,NA
TCAL_03200,Protein of unknown function,1.83E-25,1,NA,NA,0.690221523,0.013812721,0.93086901,6.24E-05,1.794552372,2.12E-19,0.863683362,9.25E-05,-1.18764994,1.21E-06
TCAL_03202,Similar to Unc-89 Obscurin (Drosophila melanogaster),0.001036052,6,NA,NA,NA,NA,-0.21567291,0.044798064,NA,NA,NA,NA,NA,NA
TCAL_03209,Similar to Gulp1 PTB domain-containing engulfment adapter protein 1 (Rattus norvegicus),0.000632138,6,NA,NA,NA,NA,NA,NA,NA,NA,NA,NA,NA,NA
TCAL_03213,Similar to alkbh5 RNA demethylase ALKBH5 (Xenopus tropicalis),NA,NA,NA,NA,NA,NA,0.543359296,0.033565918,NA,NA,NA,NA,NA,NA
TCAL_03218,Similar to CDC16 Cell division cycle protein 16 homolog (Homo sapiens),NA,NA,NA,NA,NA,NA,-0.294369792,0.093668624,NA,NA,NA,NA,NA,NA
TCAL_03221,Similar to setd7 Histone-lysine N-methyltransferase SETD7 (Halocynthia roretzi),9.71E-06,6,NA,NA,-0.687059336,0.00536379,-0.574135717,0.021539065,NA,NA,NA,NA,NA,NA
TCAL_03225,Similar to wge Protein winged eye (Drosophila melanogaster),4.54E-05,7,NA,NA,NA,NA,NA,NA,NA,NA,NA,NA,-0.536535442,0.00209399
TCAL_03230,Protein of unknown function,5.25E-06,8,NA,NA,NA,NA,NA,NA,-0.40312578,0.005213836,NA,NA,NA,NA
TCAL_03236,Similar to Gbs-76A Glycogen-binding subunit 76A (Drosophila melanogaster),NA,NA,NA,NA,NA,NA,NA,NA,0.296544656,0.044426736,NA,NA,NA,NA
TCAL_03243,Similar to CYP15A1 Methyl farnesoate epoxidase (Diploptera punctata),8.42E-05,8,NA,NA,NA,NA,NA,NA,-0.759008375,0.01887609,NA,NA,NA,NA
TCAL_03248,Similar to meigo Solute carrier family 35 member B1 homolog (Drosophila melanogaster),NA,NA,NA,NA,NA,NA,-0.244305399,0.070156156,NA,NA,NA,NA,NA,NA
TCAL_03260,Similar to Sell L-selectin (Mus musculus),NA,NA,NA,NA,0.992239462,6.58E-05,NA,NA,NA,NA,NA,NA,NA,NA
TCAL_03274,Similar to Myo1b Unconventional myosin-Ib (Mus musculus),NA,NA,NA,NA,NA,NA,NA,NA,NA,NA,1.09388744,0.023840143,NA,NA
TCAL_03282,ejaculatory bulb-specific 3-like,2.60E-07,7,NA,NA,1.110605557,0.00956592,1.522945874,1.88E-05,1.206477771,0.001927622,NA,NA,-1.045847716,0.039143589
TCAL_03293,Similar to ZNF609 Zinc finger protein 609 (Homo sapiens),8.53E-07,5,NA,NA,NA,NA,0.443804956,0.00950387,NA,NA,NA,NA,-0.539277591,0.004691904
TCAL_03296,Similar to SEMA-1A Semaphorin-1A (Schistocerca americana),9.75E-09,1,NA,NA,NA,NA,NA,NA,1.0626884,0.090926821,NA,NA,NA,NA
TCAL_03297,Similar to Anpep Aminopeptidase N (Rattus norvegicus),0.000137979,8,-0.622470956,0.027926577,-0.564262961,0.034634141,-0.514445099,0.045298498,-0.672598257,0.003189132,NA,NA,NA,NA
TCAL_03301,Similar to Tle3 Transducin-like enhancer protein 3 (Rattus norvegicus),NA,NA,NA,NA,NA,NA,NA,NA,NA,NA,0.754220941,0.073771912,NA,NA
TCAL_03302,Similar to Tle4 Transducin-like enhancer protein 4 (Mus musculus),1.12E-08,1,NA,NA,NA,NA,NA,NA,NA,NA,0.580081749,0.081150144,NA,NA
TCAL_03305,Similar to CG6966 Protein fem-1 homolog CG6966 (Drosophila melanogaster),3.94E-06,2,NA,NA,0.297092931,0.076771304,0.413465937,0.001508487,NA,NA,-0.389820727,0.004523937,NA,NA
TCAL_03309,Similar to Flo1 Flotillin-1 (Drosophila melanogaster),0.002836721,1,NA,NA,NA,NA,NA,NA,NA,NA,NA,NA,NA,NA
TCAL_03328,Protein of unknown function,2.66E-05,8,NA,NA,NA,NA,NA,NA,-0.327373678,0.001238788,-0.233560027,0.064669133,NA,NA
TCAL_03344,Similar to Ptchd3 Patched domain-containing protein 3 (Mus musculus),4.35E-09,8,NA,NA,-0.644549649,1.18E-05,-0.511052393,0.000680995,NA,NA,NA,NA,NA,NA
TCAL_03357,Similar to clcD Chloride channel protein D (Dictyostelium discoideum),0.000133304,8,NA,NA,NA,NA,-0.227276275,0.061730544,-0.248824074,0.035017416,NA,NA,NA,NA
TCAL_03369,Protein of unknown function,3.13E-05,1,NA,NA,NA,NA,NA,NA,0.794800837,0.06126161,NA,NA,NA,NA
TCAL_03370,Similar to Endocuticle structural glycoprotein ABD-4 (Locusta migratoria),7.99E-10,8,NA,NA,NA,NA,-0.451789609,0.017596236,-0.711989564,1.05E-05,NA,NA,NA,NA
TCAL_03371,"Similar to PHKG2 Phosphorylase b kinase gamma catalytic chain, liver/testis isoform (Bos taurus)",0.000288661,4,NA,NA,NA,NA,NA,NA,NA,NA,NA,NA,NA,NA
TCAL_03375,Protein of unknown function,1.09E-27,9,NA,NA,-0.619061643,0.007209876,-0.55881416,0.014849618,-2.275417431,1.10E-39,-1.716603271,3.20E-22,NA,NA
TCAL_03376,Protein of unknown function,1.32E-08,9,NA,NA,NA,NA,NA,NA,-1.125611636,6.09E-09,-1.135869227,4.91E-09,NA,NA
TCAL_03377,Protein of unknown function,0.001294775,2,NA,NA,1.235628677,0.003439145,NA,NA,NA,NA,NA,NA,NA,NA
TCAL_03381,Protein of unknown function,1.16E-05,2,NA,NA,NA,NA,0.552695978,0.028226329,NA,NA,-0.650199335,0.007973073,NA,NA
TCAL_03382,"Similar to tpsA Alpha,alpha-trehalose-phosphate synthase [UDP-forming] A (Dictyostelium discoideum)",NA,NA,NA,NA,NA,NA,NA,NA,0.28936069,0.093607652,NA,NA,NA,NA
TCAL_03392,Similar to sll0005 Uncharacterized protein sll0005 (Synechocystis sp. (strain PCC 6803 / Kazusa)),0.003276176,8,NA,NA,NA,NA,NA,NA,NA,NA,NA,NA,NA,NA
TCAL_03398,Similar to rbm8a RNA-binding protein 8A (Salmo salar),NA,NA,NA,NA,NA,NA,0.397952702,0.066510524,NA,NA,NA,NA,NA,NA
TCAL_03405,Similar to Nphs1 Nephrin (Rattus norvegicus),3.55E-05,5,NA,NA,NA,NA,NA,NA,NA,NA,-0.442802116,0.015657103,-0.490734377,0.020656994
TCAL_03421,Similar to CYP15A1 Methyl farnesoate epoxidase (Diploptera punctata),6.09E-09,2,0.463016637,0.014136119,0.569507834,0.000210572,0.600878795,4.08E-05,NA,NA,-0.439666979,0.009902094,NA,NA
TCAL_03424,Similar to Mgll Monoglyceride lipase (Mus musculus),NA,NA,NA,NA,-0.273227793,0.08573387,NA,NA,-0.293332746,0.035991723,NA,NA,NA,NA
TCAL_03431,"Similar to bun Protein bunched, class 1/class 3/D/E isoforms (Drosophila melanogaster)",NA,NA,NA,NA,NA,NA,0.213627372,0.093844443,NA,NA,NA,NA,NA,NA
TCAL_03439,Similar to Hsp67Bb Heat shock protein 67B2 (Drosophila melanogaster),6.06E-24,2,0.754976013,2.35E-06,0.947995298,1.04E-10,1.420282841,5.09E-25,NA,NA,-1.315891613,2.10E-21,-0.665306828,0.00020925
TCAL_03455,Similar to aifm2 Apoptosis-inducing factor 2 (Xenopus tropicalis),4.22E-11,8,NA,NA,NA,NA,-0.258168589,0.045513155,-0.584579248,3.00E-09,-0.32641066,0.008652488,NA,NA
TCAL_03467,Similar to Rdl Gamma-aminobutyric acid receptor subunit beta (Musca domestica),2.66E-09,1,0.285964362,0.000537929,0.26299776,0.001203041,0.344229094,1.60E-06,0.374956336,8.48E-08,NA,NA,NA,NA
TCAL_03472,Similar to lact-2 Beta-lactamase domain-containing protein 2 (Caenorhabditis elegans),9.59E-07,4,NA,NA,NA,NA,NA,NA,NA,NA,0.432429361,0.046406103,NA,NA
TCAL_03480,Similar to COX15 Cytochrome c oxidase assembly protein COX15 homolog (Homo sapiens),3.88E-06,7,0.350176969,0.028936821,NA,NA,0.496623053,1.98E-05,0.459211236,0.000113939,NA,NA,NA,NA
TCAL_03482,"Similar to Gsr Glutathione reductase, mitochondrial (Mus musculus)",5.88E-16,3,0.265087444,0.000545777,0.302072659,1.19E-05,0.415180621,2.02E-11,0.318426402,1.30E-06,NA,NA,NA,NA
TCAL_03517,Similar to Mgst3 Microsomal glutathione S-transferase 3 (Mus musculus),3.97E-13,1,NA,NA,0.344592606,0.000144684,0.297880511,0.001396037,0.486568777,1.41E-09,NA,NA,NA,NA
TCAL_03519,Similar to CG13624 Protein CREBRF homolog (Drosophila melanogaster),5.40E-15,9,NA,NA,NA,NA,NA,NA,-0.561679389,5.57E-12,-0.453484992,1.09E-07,NA,NA
TCAL_03554,Similar to NEK7 Serine/threonine-protein kinase Nek7 (Homo sapiens),5.13E-09,1,NA,NA,NA,NA,-0.444379554,0.015720894,NA,NA,0.708802929,3.70E-06,NA,NA
TCAL_03559,Protein of unknown function,0.000947446,5,NA,NA,NA,NA,0.79289237,0.038497957,NA,NA,NA,NA,NA,NA
TCAL_03574,Similar to NOX5 NADPH oxidase 5 (Homo sapiens),6.10E-06,1,NA,NA,NA,NA,NA,NA,1.021456536,0.054140173,1.313420361,0.006920302,NA,NA
TCAL_03589,Similar to DNAJC24 DnaJ homolog subfamily C member 24 (Bos taurus),0.000665627,3,NA,NA,1.083559858,0.008246712,0.901833641,0.034782443,NA,NA,NA,NA,NA,NA
TCAL_03591,Similar to Hsf Heat shock factor protein (Drosophila melanogaster),NA,NA,NA,NA,NA,NA,0.763231639,0.032114083,NA,NA,-0.778247834,0.036242412,NA,NA
TCAL_03630,Similar to Mcm8 DNA helicase MCM8 (Mus musculus),0.003126493,4,NA,NA,NA,NA,NA,NA,NA,NA,0.322026986,0.028901315,NA,NA
TCAL_03637,Similar to Cdc42 Cdc42 homolog (Drosophila pseudoobscura pseudoobscura),1.18E-06,1,NA,NA,NA,NA,NA,NA,NA,NA,0.543945646,0.00357665,NA,NA
TCAL_03643,Similar to Pepck Phosphoenolpyruvate carboxykinase [GTP] (Drosophila melanogaster),1.09E-06,2,NA,NA,NA,NA,0.654814218,3.08E-07,NA,NA,-0.684626427,6.69E-08,-0.390403292,0.05039853
TCAL_03651,Similar to ELMO2 Engulfment and cell motility protein 2 (Homo sapiens),0.000109864,2,NA,NA,0.417320535,0.099989531,0.448046455,0.038063854,NA,NA,NA,NA,NA,NA
TCAL_03674,"Similar to GRIN2D Glutamate receptor ionotropic, NMDA 2D (Homo sapiens)",2.66E-05,8,NA,NA,NA,NA,NA,NA,NA,NA,NA,NA,NA,NA
TCAL_03713,Similar to CG42342 Collagen alpha chain CG42342 (Drosophila melanogaster),NA,NA,NA,NA,NA,NA,1.610150028,0.070312531,NA,NA,NA,NA,NA,NA
TCAL_03736,Similar to SK Small conductance calcium-activated potassium channel protein (Drosophila melanogaster),NA,NA,NA,NA,NA,NA,NA,NA,NA,NA,-0.469613607,0.009266835,NA,NA
TCAL_03741,Similar to FBL4 F-box/LRR-repeat protein 4 (Arabidopsis thaliana),0.000114237,4,NA,NA,NA,NA,NA,NA,NA,NA,0.696471324,0.094418389,NA,NA
TCAL_03750,Protein of unknown function,NA,NA,NA,NA,NA,NA,0.301949359,0.069172949,NA,NA,NA,NA,NA,NA
TCAL_03760,Similar to Gns N-acetylglucosamine-6-sulfatase (Mus musculus),6.52E-07,5,NA,NA,NA,NA,NA,NA,-0.559249501,0.012136289,-0.719276764,0.000334963,NA,NA
TCAL_03767,Similar to grtp1a Growth hormone-regulated TBC protein 1-A (Danio rerio),0.000386375,2,NA,NA,NA,NA,NA,NA,NA,NA,NA,NA,NA,NA
TCAL_03782,Similar to MCC Colorectal mutant cancer protein (Homo sapiens),2.03E-07,2,NA,NA,NA,NA,0.479432656,0.009740385,NA,NA,-0.853925077,5.12E-08,NA,NA
TCAL_03784,Similar to sgmA Sphingomyelin phosphodiesterase A (Dictyostelium discoideum),0.000408879,8,NA,NA,NA,NA,-0.16053893,0.055182093,-0.16635179,0.045667774,NA,NA,NA,NA
TCAL_03794,Similar to setd7 Histone-lysine N-methyltransferase SETD7 (Xenopus tropicalis),6.56E-10,1,NA,NA,0.536159446,0.088840496,0.813312392,0.000359186,0.912472999,2.69E-05,NA,NA,NA,NA
TCAL_03807,Similar to MKP-4 Dual specificity protein phosphatase MPK-4 (Drosophila melanogaster),NA,NA,NA,NA,0.74562534,0.089622115,NA,NA,NA,NA,NA,NA,NA,NA
TCAL_03810,Similar to ATG7 Ubiquitin-like modifier-activating enzyme ATG7 (Gallus gallus),0.001130339,6,NA,NA,NA,NA,NA,NA,-0.193713701,0.097516581,NA,NA,NA,NA
TCAL_03814,Similar to SLC25A15 Mitochondrial ornithine transporter 1 (Homo sapiens),3.45E-06,7,NA,NA,NA,NA,0.288758197,0.041772712,0.328528969,0.014093599,NA,NA,NA,NA
TCAL_03822,Similar to TDA6 Putative vacuolar protein sorting-associated protein TDA6 (Saccharomyces cerevisiae (strain ATCC 204508 / S288c)),NA,NA,NA,NA,NA,NA,NA,NA,-0.425755231,0.063115529,NA,NA,NA,NA
TCAL_03844,Similar to PDCD4 Programmed cell death protein 4 (Gallus gallus),0.001016328,2,NA,NA,NA,NA,NA,NA,NA,NA,-0.718831202,0.065747394,NA,NA
TCAL_03845,Similar to AFDN Afadin (Homo sapiens),0.000383132,2,NA,NA,NA,NA,0.214915268,0.087669154,NA,NA,NA,NA,NA,NA
TCAL_03848,Similar to Utp14a U3 small nucleolar RNA-associated protein 14 homolog A (Mus musculus),NA,NA,NA,NA,NA,NA,-0.207935609,0.049502935,NA,NA,NA,NA,NA,NA
TCAL_03854,Similar to CHORD Cysteine and histidine-rich domain-containing protein (Drosophila melanogaster),1.84E-05,3,NA,NA,0.174985138,0.077557298,0.19759581,0.018169526,NA,NA,NA,NA,NA,NA
TCAL_03858,Similar to DWF5 7-dehydrocholesterol reductase (Arabidopsis thaliana),0.000243076,4,NA,NA,NA,NA,-0.320351077,0.006566909,NA,NA,NA,NA,NA,NA
TCAL_03871,Protein of unknown function,0.000441116,5,NA,NA,NA,NA,NA,NA,NA,NA,NA,NA,NA,NA
TCAL_03876,Similar to SLC6A1 Sodium- and chloride-dependent GABA transporter 1 (Homo sapiens),0.00027142,2,NA,NA,NA,NA,0.406056398,0.002365333,NA,NA,-0.284397293,0.084474103,NA,NA
TCAL_03886,Similar to HEBP2 Heme-binding protein 2 (Homo sapiens),2.24E-07,8,NA,NA,-0.395813671,0.011191296,NA,NA,-0.714175388,5.00E-09,-0.48815378,0.000443183,NA,NA
TCAL_03888,Similar to HEBP2 Heme-binding protein 2 (Homo sapiens),7.33E-08,6,NA,NA,NA,NA,NA,NA,-0.439269036,4.33E-07,-0.360953812,0.000116278,NA,NA
TCAL_03907,"Similar to PLB1 Phospholipase B1, membrane-associated (Homo sapiens)",7.50E-05,1,NA,NA,NA,NA,NA,NA,1.015823033,0.06126161,NA,NA,NA,NA
TCAL_03912,Similar to Hydramacin-1 (Hydra vulgaris),0.001446719,7,NA,NA,0.859255841,0.041448289,0.801631972,0.046275226,0.89811204,0.018290538,NA,NA,NA,NA
TCAL_03931,Similar to Kdm4B Probable lysine-specific demethylase 4B (Drosophila melanogaster),0.001153078,3,NA,NA,NA,NA,0.399006742,0.019622376,0.325158654,0.098642125,NA,NA,NA,NA
TCAL_03932,Protein of unknown function,NA,NA,NA,NA,NA,NA,-0.305419439,0.0359938,NA,NA,NA,NA,NA,NA
TCAL_03935,Similar to ETNPPL Ethanolamine-phosphate phospho-lyase (Homo sapiens),1.01E-09,9,NA,NA,NA,NA,NA,NA,-0.471630717,3.30E-07,-0.393832317,6.81E-05,NA,NA
TCAL_03936,Similar to ABRA Actin-binding Rho-activating protein (Homo sapiens),0.001044034,4,NA,NA,NA,NA,NA,NA,NA,NA,0.397355411,0.018267394,NA,NA
TCAL_03937,Similar to Adcy8 Adenylate cyclase type 8 (Mus musculus),0.002786791,2,NA,NA,NA,NA,NA,NA,NA,NA,NA,NA,NA,NA
TCAL_03939,Similar to Mtmr9 Myotubularin-related protein 9 (Mus musculus),0.000168073,6,NA,NA,NA,NA,NA,NA,-0.491911996,0.002696031,NA,NA,NA,NA
TCAL_03942,"Similar to bre-4 Beta-1,4-N-acetylgalactosaminyltransferase bre-4 (Caenorhabditis briggsae)",0.00028567,1,NA,NA,NA,NA,0.263694558,0.070258801,NA,NA,NA,NA,NA,NA
TCAL_03944,Similar to Zw Glucose-6-phosphate 1-dehydrogenase (Drosophila melanogaster),NA,NA,NA,NA,NA,NA,-0.278263371,0.033123871,NA,NA,NA,NA,NA,NA
TCAL_03946,Similar to hsp70 Heat shock 70 kDa protein (Oncorhynchus tshawytscha),NA,NA,NA,NA,-0.301592251,0.069595019,NA,NA,NA,NA,NA,NA,NA,NA
TCAL_03947,Similar to cry-dash Cryptochrome DASH (Danio rerio),7.07E-05,6,NA,NA,-0.425939236,0.044118154,-0.477185779,0.009843411,-0.384982373,0.064073616,NA,NA,NA,NA
TCAL_03957,Similar to Ampd2 AMP deaminase 2 (Rattus norvegicus),NA,NA,NA,NA,NA,NA,0.249875515,0.09071437,NA,NA,NA,NA,NA,NA
TCAL_03982,"Similar to AADAT Kynurenine/alpha-aminoadipate aminotransferase, mitochondrial (Bos taurus)",0.000178353,7,NA,NA,NA,NA,NA,NA,0.316241905,0.002444116,NA,NA,NA,NA
TCAL_03990,Similar to Napg Gamma-soluble NSF attachment protein (Mus musculus),0.000567271,2,NA,NA,NA,NA,NA,NA,NA,NA,-0.384582087,0.039125741,NA,NA
TCAL_03991,Similar to ZNHIT6 Box C/D snoRNA protein 1 (Homo sapiens),0.000723295,8,NA,NA,NA,NA,-0.35159188,0.007354151,NA,NA,NA,NA,NA,NA
TCAL_03992,Similar to Crystallin J1A (Tripedalia cystophora),7.05E-05,8,NA,NA,NA,NA,NA,NA,-0.382904394,0.061472015,NA,NA,NA,NA
TCAL_04004,Similar to MFSD6 Major facilitator superfamily domain-containing protein 6 (Sus scrofa),3.16E-05,8,NA,NA,-0.3440136,0.019257082,NA,NA,-0.266724132,0.09233241,NA,NA,NA,NA
TCAL_04010,Similar to PTPN14 Tyrosine-protein phosphatase non-receptor type 14 (Homo sapiens),1.35E-10,1,NA,NA,NA,NA,NA,NA,0.327169508,4.25E-05,0.227519968,0.017453351,NA,NA
TCAL_04018,uncharacterized oxidoreductase dhs-27-like,NA,NA,NA,NA,-0.65400358,0.040810822,NA,NA,NA,NA,NA,NA,NA,NA
TCAL_04019,Protein of unknown function,NA,NA,NA,NA,NA,NA,0.181498714,0.088724397,NA,NA,NA,NA,NA,NA
TCAL_04022,Similar to ALKBH1 Nucleic acid dioxygenase ALKBH1 (Homo sapiens),NA,NA,NA,NA,NA,NA,NA,NA,NA,NA,-0.45646916,0.022773477,NA,NA
TCAL_04037,Similar to Irs1 Insulin receptor substrate 1 (Rattus norvegicus),6.17E-10,9,NA,NA,NA,NA,NA,NA,-0.480801328,6.56E-06,-0.633821648,2.96E-10,NA,NA
TCAL_04047,Similar to LIPE Hormone-sensitive lipase (Sus scrofa),2.15E-06,6,NA,NA,NA,NA,-0.272528155,0.023129863,-0.386483066,0.000183654,NA,NA,NA,NA
TCAL_04051,potassium channel subfamily K member 1-like,6.68E-09,2,NA,NA,0.457440714,0.030614875,0.576393863,0.001022007,NA,NA,-0.69660264,3.36E-05,NA,NA
TCAL_04052,proline-rich extensin EPR1,0.027450411,1,NA,NA,NA,NA,3.254382684,0.054364194,NA,NA,NA,NA,NA,NA
TCAL_04053,Similar to YMR099C Glucose-6-phosphate 1-epimerase (Saccharomyces cerevisiae (strain ATCC 204508 / S288c)),0.002264784,4,NA,NA,NA,NA,NA,NA,NA,NA,NA,NA,NA,NA
TCAL_04065,Protein of unknown function,0.00326914,5,NA,NA,NA,NA,NA,NA,NA,NA,-0.361108857,0.029280867,NA,NA
TCAL_04073,Protein of unknown function,8.16E-07,5,NA,NA,NA,NA,NA,NA,-0.542120131,0.041441929,-0.780204946,0.000527284,-0.787999474,0.002721677
TCAL_04080,Similar to AAEL009094 WSCD family member AAEL009094 (Aedes aegypti),0.002044397,5,NA,NA,NA,NA,NA,NA,NA,NA,NA,NA,NA,NA
TCAL_04082,Similar to MVP Major vault protein (Strongylocentrotus purpuratus),1.65E-05,1,NA,NA,NA,NA,NA,NA,NA,NA,NA,NA,NA,NA
TCAL_04088,Protein of unknown function,NA,NA,NA,NA,0.988046772,0.070026921,NA,NA,NA,NA,NA,NA,NA,NA
TCAL_04102,Similar to Hsp90b1 Endoplasmin (Rattus norvegicus),3.17E-08,4,NA,NA,-0.280474123,0.021666362,-0.332612914,0.001785066,NA,NA,0.362773927,0.000540291,NA,NA
TCAL_04108,Similar to ATP13A3 Probable cation-transporting ATPase 13A3 (Homo sapiens),5.21E-09,6,NA,NA,-0.265058996,0.075077176,NA,NA,-0.466455683,1.71E-05,NA,NA,NA,NA
TCAL_04128,Protein of unknown function,0.000227266,6,NA,NA,NA,NA,-0.433753577,0.000840474,-0.315308166,0.036569118,NA,NA,NA,NA
TCAL_04158,Similar to SH3BP5L SH3 domain-binding protein 5-like (Bos taurus),6.71E-05,7,NA,NA,0.440848631,0.070801233,0.518423864,0.010610482,NA,NA,NA,NA,NA,NA
TCAL_04178,Similar to Atxn1l Ataxin-1-like (Mus musculus),1.06E-14,4,NA,NA,-0.529379025,0.008767096,-0.579878806,0.001659676,NA,NA,0.646138538,0.000308322,NA,NA
TCAL_04186,Similar to TAF5 Transcription initiation factor TFIID subunit 5 (Homo sapiens),0.001163104,2,NA,NA,NA,NA,NA,NA,NA,NA,NA,NA,NA,NA
TCAL_04214,Similar to SLC4A2 Anion exchange protein 2 (Cavia porcellus),0.000362712,8,NA,NA,-0.409175137,0.000765626,NA,NA,-0.365435529,0.002696031,NA,NA,NA,NA
TCAL_04250,Similar to Xkr4 XK-related protein 4 (Mus musculus),1.11E-05,2,NA,NA,NA,NA,0.504411493,2.64E-06,NA,NA,-0.284927752,0.038731829,NA,NA
TCAL_04252,Protein of unknown function,0.000990361,5,NA,NA,NA,NA,NA,NA,NA,NA,-0.755944474,0.093109167,NA,NA
TCAL_04259,Protein of unknown function,1.04E-08,2,NA,NA,0.664433633,0.022432601,0.911260163,8.94E-05,NA,NA,-0.852284234,0.000393949,-0.59417416,0.0998017
TCAL_04275,Similar to Pxt Chorion peroxidase (Drosophila melanogaster),NA,NA,NA,NA,NA,NA,NA,NA,0.150869078,0.064633414,NA,NA,NA,NA
TCAL_04280,Similar to mntH Divalent metal cation transporter MntH (Agrobacterium fabrum (strain C58 / ATCC 33970)),NA,NA,NA,NA,NA,NA,0.244433159,0.097263106,NA,NA,-0.25919818,0.086877475,NA,NA
TCAL_04284,Similar to BCAR3 Breast cancer anti-estrogen resistance protein 3 (Bos taurus),0.000194204,5,NA,NA,NA,NA,0.636582582,0.06722886,NA,NA,-0.752192007,0.027004336,NA,NA
TCAL_04285,kelch 5,3.93E-12,8,NA,NA,NA,NA,-0.37535809,4.16E-06,-0.392296768,1.13E-06,NA,NA,0.227105292,0.095431863
TCAL_04287,Similar to LamC Lamin-C (Drosophila melanogaster),1.43E-07,2,NA,NA,0.285185338,0.055297015,0.42681969,0.000191442,NA,NA,-0.447025902,8.95E-05,NA,NA
TCAL_04288,Similar to Luciferin 4-monooxygenase (Photuris pensylvanica),NA,NA,NA,NA,NA,NA,NA,NA,-0.309769528,0.05148968,NA,NA,NA,NA
TCAL_04289,monocarboxylate transporter 9-like,0.000389135,9,NA,NA,NA,NA,NA,NA,-1.337799858,0.003775654,-0.979307477,0.097289275,NA,NA
TCAL_04290,Similar to Luciferin 4-monooxygenase (Photinus pyralis),3.52E-11,7,NA,NA,0.625171763,0.008829184,0.856215913,2.15E-05,1.113254094,3.03E-09,NA,NA,NA,NA
TCAL_04312,Protein of unknown function,0.000106143,6,NA,NA,NA,NA,NA,NA,-0.779663869,0.002444116,NA,NA,NA,NA
TCAL_04316,"Similar to Gls Glutaminase kidney isoform, mitochondrial (Mus musculus)",8.42E-09,5,NA,NA,NA,NA,NA,NA,-0.319463901,0.056942514,-0.481997133,0.00044954,-0.387078219,0.039284666
TCAL_04320,Protein of unknown function,0.000308592,2,NA,NA,0.37476208,0.07349833,0.396311875,0.031097792,NA,NA,NA,NA,NA,NA
TCAL_04324,Similar to NKAIN Sodium/potassium-transporting ATPase subunit beta-1-interacting protein (Drosophila melanogaster),NA,NA,NA,NA,NA,NA,-0.405413191,0.085593909,NA,NA,0.414796988,0.093193398,NA,NA
TCAL_04329,Similar to igdb-2 Ig-like and fibronectin type-III domain-containing protein 2 (Caenorhabditis elegans),0.000128397,7,NA,NA,NA,NA,0.330740286,0.044186814,0.35644386,0.02509946,NA,NA,NA,NA
TCAL_04333,Similar to ncs-2 Neuronal calcium sensor 2 (Caenorhabditis elegans),4.73E-05,4,NA,NA,NA,NA,-0.636664594,0.004373024,NA,NA,0.540275397,0.034232953,NA,NA
TCAL_04344,Protein of unknown function,0.004194349,6,NA,NA,NA,NA,NA,NA,-0.507213944,0.016002396,NA,NA,NA,NA
TCAL_04353,Similar to nAChRalpha1 Acetylcholine receptor subunit alpha-like 1 (Drosophila melanogaster),8.02E-07,6,NA,NA,NA,NA,NA,NA,-0.55262221,0.00022004,-0.34510455,0.086824111,NA,NA
TCAL_04358,Protein of unknown function,NA,NA,NA,NA,1.494091187,0.01138791,NA,NA,NA,NA,NA,NA,NA,NA
TCAL_04362,Similar to D1Pas1 Putative ATP-dependent RNA helicase Pl10 (Mus musculus),NA,NA,NA,NA,NA,NA,-0.19937011,0.081089265,NA,NA,NA,NA,NA,NA
TCAL_04371,Similar to Trpgamma Transient receptor potential-gamma protein (Drosophila melanogaster),NA,NA,NA,NA,NA,NA,NA,NA,-1.213719258,0.020545225,NA,NA,NA,NA
TCAL_04385,Similar to AVIL Advillin (Homo sapiens),NA,NA,NA,NA,NA,NA,-0.193530031,0.032771359,NA,NA,NA,NA,NA,NA
TCAL_04391,Similar to NPAS2 Neuronal PAS domain-containing protein 2 (Homo sapiens),0.00012745,6,NA,NA,NA,NA,NA,NA,-0.536708272,0.008058094,-0.468507083,0.040647376,NA,NA
TCAL_04397,Protein of unknown function,NA,NA,NA,NA,NA,NA,NA,NA,-0.411812434,0.07409628,NA,NA,NA,NA
TCAL_04402,Similar to DPP6 Dipeptidyl aminopeptidase-like protein 6 (Pan troglodytes),3.54E-05,9,NA,NA,NA,NA,NA,NA,-0.39367872,0.01600171,-0.461811296,0.003018526,NA,NA
TCAL_04418,Similar to TFAP2A Transcription factor AP-2-alpha (Homo sapiens),4.43E-07,1,NA,NA,NA,NA,NA,NA,0.879427345,0.00064403,0.55821402,0.081549419,NA,NA
TCAL_04427,Similar to Folh1 Glutamate carboxypeptidase 2 (Rattus norvegicus),7.06E-05,3,NA,NA,0.405961025,0.04863441,0.538775609,0.001131824,NA,NA,NA,NA,NA,NA
TCAL_04449,Protein of unknown function,1.70E-20,8,NA,NA,-0.836790562,2.52E-09,-0.830665413,1.47E-09,-0.927866623,1.17E-11,NA,NA,0.495388785,0.015342581
TCAL_04455,Similar to ttc39b Tetratricopeptide repeat protein 39B (Xenopus tropicalis),0.002855978,8,NA,NA,NA,NA,-0.258104067,0.026283987,-0.245102967,0.042049785,NA,NA,NA,NA
TCAL_04458,Similar to AdipoR Adiponectin receptor protein (Drosophila melanogaster),1.44E-09,2,0.284760346,0.00983713,0.290668726,0.003140037,0.399691452,1.76E-06,0.230719656,0.029119977,NA,NA,NA,NA
TCAL_04465,BCL9 homolog,0.000147264,4,NA,NA,NA,NA,NA,NA,NA,NA,1.533590904,2.74E-05,NA,NA
TCAL_04507,Similar to DIRAS2 GTP-binding protein Di-Ras2 (Macaca fascicularis),1.47E-05,6,NA,NA,NA,NA,-0.516148783,0.001508487,-0.368669812,0.05248684,NA,NA,NA,NA
TCAL_04509,Similar to DOCK4 Dedicator of cytokinesis protein 4 (Homo sapiens),3.58E-05,1,NA,NA,NA,NA,NA,NA,0.365708504,0.015180314,0.409476101,0.005594094,NA,NA
TCAL_04517,Similar to Heat shock 70 kDa protein cognate 4 (Manduca sexta),2.03E-10,5,NA,NA,NA,NA,0.679601912,0.013053237,-1.453566546,1.96E-11,-2.133168457,5.53E-25,-0.857020634,0.003689572
TCAL_04529,"Similar to Fatty acid-binding protein, liver (Ginglymostoma cirratum)",0.000273543,5,NA,NA,NA,NA,NA,NA,NA,NA,-0.469268732,0.023590865,NA,NA
TCAL_04530,"Similar to Dnaaf1 Dynein assembly factor 1, axonemal (Rattus norvegicus)",0.000489994,4,-0.551870637,0.004568134,NA,NA,NA,NA,NA,NA,NA,NA,NA,NA
TCAL_04534,Similar to CERS6 Ceramide synthase 6 (Homo sapiens),NA,NA,NA,NA,NA,NA,NA,NA,NA,NA,0.693493934,0.067160425,NA,NA
TCAL_04540,Similar to Cad99C Cadherin-99C (Drosophila melanogaster),9.92E-05,1,NA,NA,NA,NA,NA,NA,NA,NA,0.652715704,0.055056961,NA,NA
TCAL_04543,Protein of unknown function,NA,NA,NA,NA,NA,NA,0.553356565,0.00342908,NA,NA,-0.469032778,0.027164646,NA,NA
TCAL_04547,Similar to ABCA3 ATP-binding cassette sub-family A member 3 (Homo sapiens),1.58E-05,2,NA,NA,NA,NA,NA,NA,NA,NA,-0.147190434,0.093193398,NA,NA
TCAL_04548,Similar to ZMIZ1 Zinc finger MIZ domain-containing protein 1 (Homo sapiens),7.79E-07,5,NA,NA,NA,NA,NA,NA,-0.322046618,0.005243411,-0.330206461,0.005017099,NA,NA
TCAL_04551,Protein of unknown function,5.01E-16,4,NA,NA,-0.523596634,0.001634306,-0.370215411,0.042286454,0.374852843,0.030973924,0.745068254,6.88E-08,NA,NA
TCAL_04573,Similar to SMS Spermine synthase (Bos taurus),2.19E-05,8,NA,NA,-0.37686511,0.099989531,-0.443255577,0.018822296,-0.498942185,0.005406224,NA,NA,NA,NA
TCAL_04589,Similar to RB1CC1 RB1-inducible coiled-coil protein 1 (Homo sapiens),7.58E-05,7,NA,NA,NA,NA,0.169403309,0.075300478,NA,NA,NA,NA,NA,NA
TCAL_04590,Similar to MKRN2OS MKRN2 opposite strand protein (Homo sapiens),0.002395952,8,NA,NA,NA,NA,NA,NA,NA,NA,NA,NA,NA,NA
TCAL_04591,Similar to Patj Patj homolog (Drosophila melanogaster),0.002934633,8,NA,NA,-0.373330507,0.035417971,NA,NA,-0.387260529,0.016258606,NA,NA,NA,NA
TCAL_04611,Similar to slc6a9 Sodium- and chloride-dependent glycine transporter 1 (Xenopus laevis),NA,NA,NA,NA,NA,NA,-0.325935906,0.051446589,NA,NA,NA,NA,NA,NA
TCAL_04616,Similar to DAD1 Dolichyl-diphosphooligosaccharide--protein glycosyltransferase subunit DAD1 (Sus scrofa),0.000114542,8,NA,NA,NA,NA,NA,NA,-0.211592151,0.018211721,NA,NA,NA,NA
TCAL_04624,Similar to mepce 7SK snRNA methylphosphate capping enzyme (Danio rerio),0.001389911,2,NA,NA,NA,NA,NA,NA,NA,NA,NA,NA,NA,NA
TCAL_04630,von Willebrand factor type EGF and pentraxin domain-containing 1,3.36E-08,1,NA,NA,NA,NA,NA,NA,0.726334551,0.005950889,1.135990312,1.91E-06,NA,NA
TCAL_04632,Similar to TIS11 mRNA decay factor CTH2 (Saccharomyces cerevisiae (strain ATCC 204508 / S288c)),NA,NA,NA,NA,NA,NA,NA,NA,0.800272869,0.042195468,NA,NA,NA,NA
TCAL_04636,Similar to SMYD3 Histone-lysine N-methyltransferase SMYD3 (Homo sapiens),NA,NA,NA,NA,NA,NA,NA,NA,-0.609634979,0.056769111,NA,NA,NA,NA
TCAL_04639,Protein of unknown function,0.000497637,8,NA,NA,NA,NA,-0.416949419,0.037064672,NA,NA,NA,NA,NA,NA
TCAL_04648,Similar to v1g160387 Probable lysosomal cobalamin transporter (Nematostella vectensis),NA,NA,NA,NA,NA,NA,NA,NA,NA,NA,-0.580294228,0.012819881,NA,NA
TCAL_04674,Similar to Ptchd3 Patched domain-containing protein 3 (Mus musculus),6.31E-07,6,NA,NA,NA,NA,NA,NA,-0.365659222,0.000128384,-0.395614078,2.80E-05,NA,NA
TCAL_04675,Protein of unknown function,7.42E-06,1,NA,NA,NA,NA,NA,NA,3.591611137,0.00744521,NA,NA,NA,NA
TCAL_04681,Similar to fng Fringe glycosyltransferase (Drosophila melanogaster),1.94E-07,1,NA,NA,NA,NA,NA,NA,1.484552662,3.62E-05,1.199434501,0.001349385,NA,NA
TCAL_04684,Similar to ANPEP Aminopeptidase N (Bos taurus),0.000251051,7,NA,NA,NA,NA,0.227729233,0.094113952,0.295572346,0.012707639,NA,NA,NA,NA
TCAL_04686,Similar to LGALDH L-galactose dehydrogenase (Arabidopsis thaliana),NA,NA,NA,NA,NA,NA,0.208336085,0.050044753,NA,NA,-0.208705538,0.064523941,NA,NA
TCAL_04687,Similar to calm Calmodulin (Oreochromis mossambicus),0.001980686,4,NA,NA,NA,NA,NA,NA,NA,NA,NA,NA,NA,NA
TCAL_04694,Protein of unknown function,6.34E-05,6,NA,NA,NA,NA,NA,NA,-0.300049632,0.015717678,NA,NA,NA,NA
TCAL_04704,Protein of unknown function,1.07E-06,8,NA,NA,-0.171622525,0.03822303,-0.218680994,0.001481272,NA,NA,NA,NA,NA,NA
TCAL_04712,Similar to Syt1 Synaptotagmin 1 (Drosophila melanogaster),1.94E-05,6,NA,NA,NA,NA,-0.338992982,0.000583212,-0.258282802,0.019207514,NA,NA,NA,NA
TCAL_04717,Similar to SPAC16E8.02 Uncharacterized endoplasmic reticulum membrane protein C16E8.02 (Schizosaccharomyces pombe (strain 972 / ATCC 24843)),NA,NA,NA,NA,NA,NA,NA,NA,-0.302451924,0.081346026,NA,NA,NA,NA
TCAL_04723,Protein of unknown function,0.001549412,6,NA,NA,NA,NA,NA,NA,-0.23326548,0.044022916,NA,NA,NA,NA
TCAL_04739,"Similar to L-galactono-1,4-lactone dehydrogenase, mitochondrial (Brassica oleracea)",7.47E-13,8,NA,NA,-0.728185481,0.000706318,-0.614756186,0.004473859,-1.219943047,3.16E-10,-0.605186861,0.024450148,NA,NA
TCAL_04752,Similar to CD63 CD63 antigen (Oryctolagus cuniculus),2.84E-05,7,0.297992823,0.068179189,0.278754842,0.062107319,0.418326953,0.000229924,0.314936088,0.014141234,NA,NA,NA,NA
TCAL_04794,Protein of unknown function,NA,NA,NA,NA,NA,NA,NA,NA,NA,NA,0.343995421,0.080175075,NA,NA
TCAL_04795,Similar to Sam-S S-adenosylmethionine synthase (Drosophila melanogaster),NA,NA,NA,NA,NA,NA,-0.180694616,0.085952704,NA,NA,NA,NA,NA,NA
TCAL_04819,Similar to Slc18b1 MFS-type transporter SLC18B1 (Mus musculus),0.000212044,8,NA,NA,NA,NA,NA,NA,-0.415162634,0.066880242,NA,NA,NA,NA
TCAL_04842,Similar to set5 SET domain-containing protein 5 (Schizosaccharomyces pombe (strain 972 / ATCC 24843)),8.65E-05,8,NA,NA,NA,NA,-0.751104842,0.025048661,NA,NA,NA,NA,NA,NA
TCAL_04846,Similar to BBOX1 Gamma-butyrobetaine dioxygenase (Homo sapiens),3.44E-10,8,NA,NA,-0.531637222,0.009560165,-0.500591735,0.012097096,-0.865288848,2.30E-07,NA,NA,NA,NA
TCAL_04862,Similar to Hpcal1 Hippocalcin-like protein 1 (Rattus norvegicus),0.000343382,2,NA,NA,0.444412519,0.081919244,0.474153928,0.033368455,NA,NA,NA,NA,NA,NA
TCAL_04867,Similar to SLC13A5 Solute carrier family 13 member 5 (Homo sapiens),2.11E-21,1,NA,NA,NA,NA,NA,NA,1.645917437,2.12E-13,1.170819775,3.97E-07,NA,NA
TCAL_04869,Similar to PCLO Protein piccolo (Fragment) (Gallus gallus),3.63E-06,5,NA,NA,NA,NA,NA,NA,-0.268327338,0.027941436,-0.267474295,0.035529745,NA,NA
TCAL_04882,Similar to Tret1 Facilitated trehalose transporter Tret1 (Culex quinquefasciatus),0.001964913,8,NA,NA,-1.39159601,0.007465392,NA,NA,-1.189907945,0.01913633,NA,NA,NA,NA
TCAL_04917,Similar to Swt1 Transcriptional protein SWT1 (Mus musculus),4.72E-07,4,NA,NA,-0.311070926,0.014099989,-0.302522217,0.01209084,NA,NA,0.258057862,0.063082927,NA,NA
TCAL_04918,Similar to hsp-16.48 Heat shock protein Hsp-16.48/Hsp-16.49 (Caenorhabditis elegans),3.54E-15,2,0.367915041,0.064479329,0.538133181,0.000110232,0.589415456,5.99E-06,NA,NA,-0.625781055,1.40E-06,NA,NA
TCAL_04932,Similar to MCRS1 Microspherule protein 1 (Homo sapiens),3.01E-08,2,NA,NA,NA,NA,0.187146489,0.075986258,NA,NA,-0.254963843,0.006789,NA,NA
TCAL_04944,Protein of unknown function,6.89E-05,1,NA,NA,NA,NA,NA,NA,NA,NA,1.02673621,0.065999509,NA,NA
TCAL_04957,Protein of unknown function,NA,NA,NA,NA,NA,NA,NA,NA,-0.402548484,0.077209322,NA,NA,NA,NA
TCAL_04965,Similar to Siah1 E3 ubiquitin-protein ligase SIAH1 (Rattus norvegicus),8.28E-31,2,0.570954627,6.36E-05,0.732070165,6.94E-09,0.754946789,1.01E-09,-0.379342733,0.016733371,-1.134289522,5.81E-22,NA,NA
TCAL_04976,Similar to Esterase FE4 (Myzus persicae),NA,NA,NA,NA,NA,NA,0.839550664,0.037579691,NA,NA,-0.796341667,0.070296573,NA,NA
TCAL_04979,Similar to atad3-b ATPase family AAA domain-containing protein 3-B (Xenopus laevis),0.000330295,4,NA,NA,NA,NA,NA,NA,NA,NA,0.169631411,0.081150144,NA,NA
TCAL_04987,Similar to Carboxypeptidase B (Astacus astacus),9.49E-08,6,NA,NA,NA,NA,-0.302743706,0.017762829,-0.452412851,2.91E-05,NA,NA,NA,NA
TCAL_04993,Similar to Robo2 Roundabout homolog 2 (Mus musculus),NA,NA,NA,NA,NA,NA,NA,NA,1.092089731,0.031616835,NA,NA,NA,NA
TCAL_05006,Similar to SAP5 Zinc finger A20 and AN1 domain-containing stress-associated protein 5 (Arabidopsis thaliana),NA,NA,NA,NA,NA,NA,NA,NA,0.516009791,0.066205051,NA,NA,NA,NA
TCAL_05011,Protein of unknown function,0.001604598,7,NA,NA,NA,NA,0.565076263,0.03897768,0.594626698,0.026865749,NA,NA,NA,NA
TCAL_05019,Protein of unknown function,5.11E-05,1,NA,NA,NA,NA,NA,NA,4.284563787,0.005950889,NA,NA,NA,NA
TCAL_05022,Similar to osm-3 Osmotic avoidance abnormal protein 3 (Caenorhabditis elegans),2.47E-05,2,NA,NA,NA,NA,0.403609882,0.017038022,NA,NA,-0.396119459,0.027073045,NA,NA
TCAL_05028,Similar to ANKS1A Ankyrin repeat and SAM domain-containing protein 1A (Homo sapiens),NA,NA,NA,NA,-0.613947803,0.031797283,NA,NA,NA,NA,NA,NA,NA,NA
TCAL_05031,G- coupled receptor Mth2-like,NA,NA,NA,NA,NA,NA,NA,NA,NA,NA,-0.259086391,0.091932955,NA,NA
TCAL_05080,"Similar to Sarcoplasmic calcium-binding proteins I, III, and IV (Branchiostoma lanceolatum)",0.000579545,5,NA,NA,NA,NA,NA,NA,NA,NA,NA,NA,NA,NA
TCAL_05097,Similar to LUC7L Putative RNA-binding protein Luc7-like 1 (Homo sapiens),2.53E-05,6,NA,NA,-0.315649933,0.086476254,-0.523289123,9.21E-05,NA,NA,NA,NA,NA,NA
TCAL_05102,HIG1 domain family member mitochondrial-like,3.68E-05,1,NA,NA,NA,NA,NA,NA,0.40937317,0.006603075,NA,NA,NA,NA
TCAL_05108,Similar to Carboxypeptidase inhibitor SmCI (Sabellastarte magnifica),7.93E-06,8,NA,NA,-0.442213563,0.001980488,-0.311684706,0.047868065,NA,NA,NA,NA,NA,NA
TCAL_05109,Protein of unknown function,0.000886645,7,NA,NA,0.383740968,0.069208346,0.38963409,0.039269667,NA,NA,NA,NA,NA,NA
TCAL_05111,Protein of unknown function,4.27E-35,4,-0.370775985,0.000442633,-0.620645179,1.59E-12,-0.611084864,1.51E-12,NA,NA,0.61514366,1.45E-12,NA,NA
TCAL_05137,Similar to RNF31 E3 ubiquitin-protein ligase RNF31 (Homo sapiens),0.003534392,6,NA,NA,NA,NA,-0.34235067,0.014279689,NA,NA,NA,NA,NA,NA
TCAL_05138,Similar to sprtn SprT-like domain-containing protein Spartan (Xenopus tropicalis),0.005233226,4,NA,NA,NA,NA,NA,NA,NA,NA,0.205717626,0.0466565,NA,NA
TCAL_05142,Similar to B0416.5 Uncharacterized protein B0416.5 (Caenorhabditis elegans),0.000434147,7,NA,NA,NA,NA,0.527005598,0.003508775,NA,NA,NA,NA,NA,NA
TCAL_05143,Protein of unknown function,2.38E-07,2,0.661449693,0.020475521,0.595506501,0.030216819,0.988425611,1.53E-06,NA,NA,-0.890327015,2.74E-05,NA,NA
TCAL_05144,Similar to CYP3A24 Cytochrome P450 3A24 (Ovis aries),0.000237437,6,NA,NA,NA,NA,NA,NA,-0.335980341,0.019768125,NA,NA,NA,NA
TCAL_05177,Similar to Slc12a3 Solute carrier family 12 member 3 (Mus musculus),5.72E-13,9,NA,NA,NA,NA,NA,NA,-2.646000588,1.33E-16,-2.781341902,2.25E-18,NA,NA
TCAL_05182,Similar to ENTPD1 Ectonucleoside triphosphate diphosphohydrolase 1 (Homo sapiens),0.001110381,4,NA,NA,NA,NA,NA,NA,NA,NA,0.58041894,0.004420051,NA,NA
TCAL_05190,Similar to Tret1 Facilitated trehalose transporter Tret1 (Culex quinquefasciatus),NA,NA,NA,NA,0.483412149,0.094910657,NA,NA,NA,NA,NA,NA,NA,NA
TCAL_05191,Similar to Tret1 Facilitated trehalose transporter Tret1 (Culex quinquefasciatus),4.69E-07,6,NA,NA,-0.299587229,0.026903502,-0.31721743,0.009901802,-0.405615759,0.000236915,NA,NA,NA,NA
TCAL_05209,Protein of unknown function,2.96E-07,6,-0.468927219,0.088029132,-0.652893397,0.000848698,-0.724446632,7.04E-05,-0.438534612,0.054187358,NA,NA,NA,NA
TCAL_05216,Similar to CRISP/Allergen/PR-1 (Trittame loki),0.002536932,3,NA,NA,NA,NA,1.010185717,0.079830989,NA,NA,NA,NA,NA,NA
TCAL_05227,Similar to PP1 Serine/threonine-protein phosphatase PP1 (Zea mays),1.14E-07,1,NA,NA,NA,NA,NA,NA,1.048408152,0.010627672,NA,NA,NA,NA
TCAL_05250,Similar to ACHE1 Acetylcholinesterase (Culex pipiens),1.70E-09,8,NA,NA,-0.357914864,0.052136713,-0.409305079,0.009687799,-0.508375906,0.000543203,NA,NA,NA,NA
TCAL_05271,Similar to wdr83 WD repeat domain-containing protein 83 (Danio rerio),0.000361454,2,NA,NA,0.876342291,0.047638983,0.855309962,0.036835189,NA,NA,NA,NA,NA,NA
TCAL_05274,Similar to EHD4 EH domain-containing protein 4 (Homo sapiens),6.06E-38,8,-0.592562188,1.36E-09,-0.837552088,2.17E-20,-0.836711458,1.02E-20,-0.777908679,8.14E-18,NA,NA,NA,NA
TCAL_05279,Similar to zig-8 Zwei Ig domain protein zig-8 (Caenorhabditis elegans),0.003635619,5,NA,NA,NA,NA,NA,NA,NA,NA,NA,NA,NA,NA
TCAL_05281,XK-related 6-like,2.41E-11,9,NA,NA,-0.466034066,0.021666362,NA,NA,-1.28279619,4.37E-18,-1.088640073,9.17E-13,NA,NA
TCAL_05289,Protein of unknown function,3.17E-06,1,NA,NA,NA,NA,NA,NA,0.737337714,0.001041309,0.618580622,0.013943633,NA,NA
TCAL_05297,Protein of unknown function,NA,NA,NA,NA,3.012988533,0.021000489,NA,NA,NA,NA,NA,NA,NA,NA
TCAL_05305,Similar to Slc4a5 Electrogenic sodium bicarbonate cotransporter 4 (Rattus norvegicus),NA,NA,NA,NA,NA,NA,NA,NA,-0.283269327,0.093616256,NA,NA,NA,NA
TCAL_05313,Similar to CPPED1 Serine/threonine-protein phosphatase CPPED1 (Bos taurus),2.45E-14,4,NA,NA,-0.586661228,4.91E-05,-0.79851922,1.01E-09,NA,NA,0.746377618,2.28E-08,0.4526729,0.021484463
TCAL_05349,Protein of unknown function,NA,NA,NA,NA,NA,NA,0.383165919,0.078404859,NA,NA,NA,NA,NA,NA
TCAL_05351,Similar to GK3P Glycerol kinase 3 (Homo sapiens),0.000150966,6,NA,NA,NA,NA,NA,NA,-0.533418517,0.00075698,-0.54891061,0.000635797,NA,NA
TCAL_05359,Similar to Gpc6 Glypican-6 (Mus musculus),0.003003266,4,NA,NA,NA,NA,NA,NA,NA,NA,1.132269725,0.051421315,NA,NA
TCAL_05362,Similar to Anxa3 Annexin A3 (Rattus norvegicus),8.27E-06,8,NA,NA,NA,NA,-0.810675893,0.019988127,-0.900548025,0.007722684,NA,NA,NA,NA
TCAL_05382,Similar to Acy1 Aminoacylase-1 (Mus musculus),NA,NA,NA,NA,NA,NA,NA,NA,0.745416836,0.075937589,NA,NA,NA,NA
TCAL_05387,"Similar to LSC30 Ferritin-1, chloroplastic (Brassica napus)",6.18E-22,2,0.506107841,3.63E-05,0.644430197,3.22E-09,0.934115301,1.45E-20,NA,NA,-0.739061311,9.22E-13,-0.42800746,0.001853109
TCAL_05389,Protein of unknown function,0.004484036,5,NA,NA,NA,NA,NA,NA,NA,NA,NA,NA,NA,NA
TCAL_05424,coiled-coil domain-containing 74A-like isoform X1,7.66E-13,2,NA,NA,1.107580722,8.07E-06,1.072676568,1.08E-05,NA,NA,-0.648389262,0.024450148,NA,NA
TCAL_05425,Protein of unknown function,NA,NA,NA,NA,NA,NA,1.266185158,0.018169526,NA,NA,NA,NA,NA,NA
TCAL_05431,Protein of unknown function,0.00015866,1,NA,NA,NA,NA,NA,NA,0.175544679,0.039732096,NA,NA,NA,NA
TCAL_05433,Similar to MFSD5 Molybdate-anion transporter (Homo sapiens),8.98E-05,2,NA,NA,NA,NA,NA,NA,NA,NA,-0.587837207,0.02868895,NA,NA
TCAL_05434,Similar to Cryab Alpha-crystallin B chain (Mus musculus),NA,NA,NA,NA,NA,NA,NA,NA,0.857708905,0.078181484,NA,NA,NA,NA
TCAL_05461,Protein of unknown function,2.20E-05,5,NA,NA,0.525992302,0.052136713,0.670892899,0.002205097,NA,NA,NA,NA,NA,NA
TCAL_05464,Similar to lilli AF4/FMR2 family member 4 (Drosophila willistoni),NA,NA,NA,NA,NA,NA,0.381072186,0.033031029,NA,NA,NA,NA,NA,NA
TCAL_05466,Similar to FR FMRFamide receptor (Drosophila melanogaster),0.000150901,7,NA,NA,NA,NA,NA,NA,0.383293323,0.05179983,NA,NA,NA,NA
TCAL_05472,Similar to Chka Choline kinase alpha (Mus musculus),1.37E-09,8,NA,NA,NA,NA,NA,NA,-0.69240876,3.96E-07,-0.489632296,0.001887556,NA,NA
TCAL_05494,Protein of unknown function,5.38E-18,3,0.392864196,5.65E-05,0.524224904,1.06E-09,0.597012292,5.29E-13,0.330184811,0.00055276,-0.266827481,0.014826254,NA,NA
TCAL_05501,Similar to GABRR2 Gamma-aminobutyric acid receptor subunit rho-2 (Bos taurus),0.002600286,4,NA,NA,NA,NA,NA,NA,NA,NA,NA,NA,NA,NA
TCAL_05510,Similar to UTR7 UDP-galactose/UDP-glucose transporter 7 (Arabidopsis thaliana),4.66E-06,4,NA,NA,-0.494691836,0.030850866,-0.551127731,0.006638456,NA,NA,NA,NA,NA,NA
TCAL_05515,Similar to acr-16 Acetylcholine receptor subunit alpha-type acr-16 (Caenorhabditis elegans),NA,NA,NA,NA,NA,NA,0.360107533,0.066208846,NA,NA,NA,NA,NA,NA
TCAL_05522,Similar to Sugp1 SURP and G-patch domain-containing protein 1 (Mus musculus),0.000798686,2,NA,NA,NA,NA,NA,NA,-0.167570006,0.051940608,-0.17745058,0.040763886,NA,NA
TCAL_05526,Similar to Hemagglutinin/amebocyte aggregation factor (Limulus polyphemus),9.40E-05,8,NA,NA,NA,NA,NA,NA,-0.508383388,0.001281002,NA,NA,NA,NA
TCAL_05534,Similar to arrd-17 Arrestin domain-containing protein 17 (Caenorhabditis elegans),6.55E-23,2,0.437211888,0.025234455,0.65286882,4.56E-06,0.67481361,8.63E-07,NA,NA,-0.80997357,1.56E-09,NA,NA
TCAL_05545,Similar to METTL9 Methyltransferase-like protein 9 (Gallus gallus),3.89E-11,4,NA,NA,-0.2232378,0.020385991,-0.341163061,9.97E-06,NA,NA,0.194304152,0.063718995,0.23145373,0.050428071
TCAL_05550,Similar to chid1 Chitinase domain-containing protein 1 (Xenopus laevis),2.27E-07,8,NA,NA,NA,NA,NA,NA,-0.261368217,0.002841501,NA,NA,NA,NA
TCAL_05566,Similar to SUGCT Succinate--hydroxymethylglutarate CoA-transferase (Homo sapiens),0.003238748,2,NA,NA,NA,NA,NA,NA,NA,NA,NA,NA,NA,NA
TCAL_05569,Similar to lhpp Phospholysine phosphohistidine inorganic pyrophosphate phosphatase (Danio rerio),1.40E-29,7,0.542333783,1.41E-07,0.795981058,3.35E-18,0.79033296,3.10E-18,0.745175281,5.25E-16,NA,NA,NA,NA
TCAL_05614,Similar to DnaJ-1 DnaJ protein homolog 1 (Drosophila melanogaster),NA,NA,NA,NA,NA,NA,NA,NA,-0.771891782,0.05336271,NA,NA,NA,NA
TCAL_05620,"Similar to Grin2b Glutamate receptor ionotropic, NMDA 2B (Mus musculus)",0.010671994,2,NA,NA,NA,NA,NA,NA,NA,NA,-0.511211128,0.049038778,NA,NA
TCAL_05642,Similar to Sb Serine proteinase stubble (Drosophila melanogaster),NA,NA,NA,NA,NA,NA,NA,NA,0.493390825,0.057669189,NA,NA,NA,NA
TCAL_05646,Similar to RFX7 DNA-binding protein RFX7 (Homo sapiens),0.002289535,2,NA,NA,NA,NA,NA,NA,NA,NA,-0.226633123,0.08516758,NA,NA
TCAL_05650,Similar to NFIB Nuclear factor 1 B-type (Bos taurus),5.17E-05,1,NA,NA,NA,NA,NA,NA,NA,NA,0.817287476,0.061567361,NA,NA
TCAL_05651,Similar to NFIB Nuclear factor 1 B-type (Homo sapiens),0.000162621,1,NA,NA,NA,NA,NA,NA,0.906543733,0.050891424,NA,NA,NA,NA
TCAL_05663,Similar to fabG 3-oxoacyl-[acyl-carrier-protein] reductase FabG (Bacillus subtilis (strain 168)),2.86E-22,7,0.376594981,0.000292566,0.531972642,1.80E-09,0.607765882,7.98E-13,0.628464019,1.20E-13,NA,NA,NA,NA
TCAL_05667,Protein of unknown function,0.00557833,4,NA,NA,NA,NA,NA,NA,NA,NA,NA,NA,NA,NA
TCAL_05693,Protein of unknown function,0.001167638,6,NA,NA,NA,NA,-0.683960015,0.049743384,NA,NA,NA,NA,NA,NA
TCAL_05696,Similar to larp7 La-related protein 7 (Danio rerio),NA,NA,NA,NA,0.39405818,0.089093252,NA,NA,NA,NA,NA,NA,NA,NA
TCAL_05698,Similar to PNKP Bifunctional polynucleotide phosphatase/kinase (Homo sapiens),8.51E-15,9,NA,NA,NA,NA,NA,NA,-0.581123937,1.86E-13,-0.761138619,5.34E-24,NA,NA
TCAL_05710,Similar to sqd RNA-binding protein squid (Drosophila melanogaster),NA,NA,NA,NA,NA,NA,NA,NA,NA,NA,0.272715071,0.086183558,NA,NA
TCAL_05729,"Similar to CG7280 Probable sulfite oxidase, mitochondrial (Drosophila melanogaster)",4.48E-05,7,NA,NA,0.360031511,0.003355979,0.283550894,0.03089559,0.333361323,0.005950889,NA,NA,NA,NA
TCAL_05734,Similar to NUDT8 Nudix hydrolase 8 (Arabidopsis thaliana),0.000175294,6,NA,NA,-0.372897765,0.040362045,NA,NA,NA,NA,NA,NA,NA,NA
TCAL_05754,Protein of unknown function,2.81E-08,2,NA,NA,0.487807475,0.094314577,0.931425099,3.00E-06,NA,NA,-1.189473753,4.07E-10,NA,NA
TCAL_05755,Protein of unknown function,9.36E-13,2,0.993734723,0.064294801,1.192953232,0.003157026,1.250818868,0.000897302,NA,NA,-1.104554457,0.005312411,NA,NA
TCAL_05760,Similar to USP2 Ubiquitin carboxyl-terminal hydrolase 2 (Gallus gallus),0.005672368,1,NA,NA,NA,NA,NA,NA,NA,NA,NA,NA,NA,NA
TCAL_05762,Similar to Surf4 Surfeit locus protein 4 homolog (Drosophila melanogaster),7.65E-05,6,NA,NA,-0.161362469,0.033581679,-0.144853553,0.049743384,-0.135001569,0.086364612,NA,NA,NA,NA
TCAL_05769,Similar to Mgst1 Microsomal glutathione S-transferase 1 (Mus musculus),1.76E-07,2,NA,NA,0.457760074,0.007393806,0.669096283,2.17E-06,NA,NA,-0.343491212,0.076379349,NA,NA
TCAL_05770,Similar to deaA Chitin disaccharide deacetylase (Vibrio alginolyticus),8.71E-07,1,NA,NA,NA,NA,NA,NA,1.447126187,0.003679076,NA,NA,NA,NA
TCAL_05771,"Similar to Mgat4c Alpha-1,3-mannosyl-glycoprotein 4-beta-N-acetylglucosaminyltransferase C (Mus musculus)",0.001689552,5,NA,NA,NA,NA,0.591486765,0.089154147,NA,NA,NA,NA,NA,NA
TCAL_05773,Similar to LRSAM1 E3 ubiquitin-protein ligase LRSAM1 (Homo sapiens),NA,NA,NA,NA,NA,NA,NA,NA,NA,NA,-0.409284663,0.030047166,NA,NA
TCAL_05774,glutamate receptor delta-1-like,0.000173506,2,0.59712676,0.046368601,NA,NA,NA,NA,NA,NA,NA,NA,NA,NA
TCAL_05776,Similar to DDO D-aspartate oxidase (Bos taurus),3.75E-34,2,0.863348727,2.98E-13,0.965689478,1.28E-17,1.293994444,2.49E-33,NA,NA,-1.535632492,6.26E-45,-0.430645717,0.003326208
TCAL_05779,Similar to ABCC1 Multidrug resistance-associated protein 1 (Gallus gallus),4.48E-05,2,NA,NA,NA,NA,0.785078298,0.000555964,NA,NA,NA,NA,NA,NA
TCAL_05784,Similar to Ivns1abp Influenza virus NS1A-binding protein homolog (Mus musculus),2.90E-14,3,0.368323997,0.011057183,0.517100968,4.89E-06,0.688275867,2.18E-11,0.409269153,0.000567124,-0.279006713,0.054183699,-0.31995187,0.056265649
TCAL_05786,Similar to FR FMRFamide receptor (Drosophila melanogaster),0.009487418,5,NA,NA,NA,NA,NA,NA,NA,NA,NA,NA,NA,NA
TCAL_05790,Similar to SPHK1 Sphingosine kinase 1 (Arabidopsis thaliana),NA,NA,NA,NA,NA,NA,NA,NA,-0.646548774,0.089437858,NA,NA,NA,NA
TCAL_05796,Similar to Atf1 Cyclic AMP-dependent transcription factor ATF-1 (Mus musculus),0.003209935,8,-0.413673015,0.031916892,-0.362080786,0.05137128,NA,NA,NA,NA,NA,NA,NA,NA
TCAL_05797,Similar to TARDBP TAR DNA-binding protein 43 (Pongo abelii),NA,NA,NA,NA,NA,NA,-0.20513429,0.063598914,NA,NA,NA,NA,NA,NA
TCAL_05804,Similar to Putative endoglucanase type K (Fusarium oxysporum),0.000320964,8,NA,NA,NA,NA,NA,NA,-0.243972555,0.013867689,NA,NA,NA,NA
TCAL_05808,Similar to Fdps Farnesyl pyrophosphate synthase (Rattus norvegicus),NA,NA,NA,NA,NA,NA,0.343905047,0.076455864,NA,NA,NA,NA,NA,NA
TCAL_05809,Similar to FBN1 Fibrillin-1 (Bos taurus),0.003427949,6,NA,NA,NA,NA,NA,NA,NA,NA,NA,NA,NA,NA
TCAL_05820,Similar to PCF11 Pre-mRNA cleavage complex 2 protein Pcf11 (Homo sapiens),0.008801025,5,NA,NA,NA,NA,NA,NA,NA,NA,-0.245124395,0.072664262,NA,NA
TCAL_05849,Similar to OGT UDP-N-acetylglucosamine--peptide N-acetylglucosaminyltransferase 110 kDa subunit (Homo sapiens),1.48E-08,1,NA,NA,NA,NA,NA,NA,0.293027849,0.013199672,0.260184385,0.04812234,NA,NA
TCAL_05887,Similar to STK17A Serine/threonine-protein kinase 17A (Oryctolagus cuniculus),NA,NA,NA,NA,NA,NA,NA,NA,0.48634248,0.064073616,NA,NA,NA,NA
TCAL_05895,Similar to ABCC4 Multidrug resistance-associated protein 4 (Homo sapiens),2.63E-08,1,NA,NA,NA,NA,NA,NA,0.461990216,0.007624939,NA,NA,NA,NA
TCAL_05901,Similar to Cals Calsyntenin-1 (Drosophila melanogaster),1.02E-06,3,NA,NA,NA,NA,0.255533705,0.006219019,NA,NA,NA,NA,-0.270566892,0.017133123
TCAL_05909,Similar to Plxdc2 Plexin domain-containing protein 2 (Mus musculus),NA,NA,NA,NA,NA,NA,-0.188669393,0.090410593,NA,NA,NA,NA,NA,NA
TCAL_05923,Similar to ea Serine protease easter (Drosophila melanogaster),NA,NA,NA,NA,NA,NA,NA,NA,-0.232115701,0.074027436,-0.232444016,0.08516758,NA,NA
TCAL_05926,Similar to Venom serine protease Bi-VSP (Bombus ignitus),4.20E-05,8,NA,NA,NA,NA,NA,NA,-0.433472245,0.007722684,NA,NA,NA,NA
TCAL_05930,Similar to Znf2 Zinc finger protein 2 (Mus musculus),0.001167578,6,NA,NA,NA,NA,NA,NA,NA,NA,NA,NA,NA,NA
TCAL_05932,GM13516,0.000282426,5,NA,NA,NA,NA,NA,NA,NA,NA,-0.191586698,0.042477426,NA,NA
TCAL_05941,Similar to DLO1 Protein DMR6-LIKE OXYGENASE 1 (Arabidopsis thaliana),3.74E-07,2,0.624689083,0.004554246,0.686265481,0.00040446,0.780884864,1.43E-05,0.464170376,0.039060627,NA,NA,NA,NA
TCAL_05942,Similar to ACO4 1-aminocyclopropane-1-carboxylate oxidase 4 (Arabidopsis thaliana),NA,NA,NA,NA,NA,NA,NA,NA,NA,NA,-0.634911744,0.057126048,NA,NA
TCAL_05958,Similar to cher Filamin-A (Drosophila melanogaster),7.13E-05,6,NA,NA,NA,NA,NA,NA,-0.260049535,0.017523595,NA,NA,NA,NA
TCAL_05963,Similar to RPH3AL Rab effector Noc2 (Bos taurus),0.000308286,2,NA,NA,NA,NA,NA,NA,NA,NA,NA,NA,NA,NA
TCAL_06002,Similar to F55H2.5 Putative cytochrome b561 (Caenorhabditis elegans),0.000962831,2,NA,NA,NA,NA,0.186184812,0.07754115,NA,NA,-0.227161789,0.022187045,NA,NA
TCAL_06006,Similar to Vapb Vesicle-associated membrane protein-associated protein B (Rattus norvegicus),0.000288526,6,NA,NA,NA,NA,NA,NA,NA,NA,NA,NA,NA,NA
TCAL_06017,Protein of unknown function,4.61E-06,1,NA,NA,NA,NA,NA,NA,0.389930857,0.089642849,NA,NA,NA,NA
TCAL_06018,Similar to ABCA5 ATP-binding cassette sub-family A member 5 (Homo sapiens),NA,NA,NA,NA,NA,NA,NA,NA,NA,NA,0.488487334,0.076886092,NA,NA
TCAL_06025,"Similar to INPP4A Type I inositol 3,4-bisphosphate 4-phosphatase (Homo sapiens)",3.19E-05,2,NA,NA,NA,NA,0.3310243,0.005827295,NA,NA,-0.342912509,0.004886158,NA,NA
TCAL_06037,Protein of unknown function,9.14E-06,2,NA,NA,NA,NA,0.202586277,0.041243321,NA,NA,-0.203196591,0.053624529,NA,NA
TCAL_06038,Similar to PTGR1 Prostaglandin reductase 1 (Bos taurus),0.001212787,6,-0.426364436,0.05714424,NA,NA,-0.465204758,0.008098662,-0.461956884,0.008058094,NA,NA,NA,NA
TCAL_06054,Similar to Upp2 Uridine phosphorylase 2 (Mus musculus),0.000132195,2,NA,NA,NA,NA,NA,NA,-0.426895415,0.004945892,-0.39309542,0.017416007,NA,NA
TCAL_06058,Protein of unknown function,1.35E-07,5,NA,NA,NA,NA,NA,NA,-0.413714165,0.063670539,-0.523297153,0.008405684,NA,NA
TCAL_06059,Similar to Eif4g3 Eukaryotic translation initiation factor 4 gamma 3 (Mus musculus),NA,NA,NA,NA,NA,NA,-0.257072949,0.081873279,NA,NA,NA,NA,NA,NA
TCAL_06081,myosin-2 heavy chain,NA,NA,NA,NA,NA,NA,NA,NA,0.57311703,0.076704994,NA,NA,NA,NA
TCAL_06082,"Similar to AOX1 Alternative oxidase, mitochondrial (Cryptococcus neoformans var. grubii serotype A (strain H99 / ATCC 208821 / CBS 10515 / FGSC 9487))",1.11E-09,3,0.352719818,0.043217381,0.418680403,0.0022557,0.545345769,4.64E-06,0.551225796,3.05E-06,NA,NA,NA,NA
TCAL_06083,Similar to rsgI6 Anti-sigma-I factor RsgI6 (Clostridium thermocellum (strain ATCC 27405 / DSM 1237 / NBRC 103400 / NCIMB 10682 / NRRL B-4536 / VPI 7372)),5.52E-05,8,NA,NA,NA,NA,NA,NA,-0.460957835,0.002608851,NA,NA,NA,NA
TCAL_06085,Similar to rsgI6 Anti-sigma-I factor RsgI6 (Clostridium thermocellum (strain ATCC 27405 / DSM 1237 / NBRC 103400 / NCIMB 10682 / NRRL B-4536 / VPI 7372)),0.000157111,8,NA,NA,NA,NA,-0.245626584,0.085440111,-0.292310708,0.024451032,NA,NA,NA,NA
TCAL_06086,Similar to Venom serine carboxypeptidase (Apis mellifera),0.000187776,6,NA,NA,NA,NA,NA,NA,-0.366714264,0.016058267,-0.398255704,0.008635428,NA,NA
TCAL_06135,Similar to Slc35a3 UDP-N-acetylglucosamine transporter (Rattus norvegicus),5.17E-05,4,0.481634302,0.023047434,NA,NA,NA,NA,NA,NA,NA,NA,NA,NA
TCAL_06137,Similar to PPM1D Protein phosphatase 1D (Homo sapiens),0.004937927,5,NA,NA,NA,NA,NA,NA,NA,NA,NA,NA,NA,NA
TCAL_06138,Similar to yjcS Putative alkyl/aryl-sulfatase YjcS (Escherichia coli (strain K12)),0.000937465,7,NA,NA,0.280193119,0.051808796,NA,NA,NA,NA,NA,NA,NA,NA
TCAL_06144,"Similar to ACSF2 Acyl-CoA synthetase family member 2, mitochondrial (Macaca fascicularis)",5.87E-15,8,NA,NA,-0.351091119,0.002267913,-0.421956846,4.68E-05,-0.592956487,4.44E-10,NA,NA,NA,NA
TCAL_06151,"Similar to BCKDHA 2-oxoisovalerate dehydrogenase subunit alpha, mitochondrial (Bos taurus)",7.66E-05,5,NA,NA,NA,NA,0.242451277,0.068884731,NA,NA,NA,NA,NA,NA
TCAL_06164,Similar to CTSL Cathepsin L1 (Sus scrofa),7.63E-07,1,NA,NA,NA,NA,NA,NA,0.208076888,0.008846303,NA,NA,NA,NA
TCAL_06170,Similar to MARCH1 E3 ubiquitin-protein ligase MARCH1 (Homo sapiens),NA,NA,NA,NA,NA,NA,0.349408533,0.099737942,NA,NA,NA,NA,NA,NA
TCAL_06171,Protein of unknown function,NA,NA,NA,NA,NA,NA,0.414784958,0.080962099,NA,NA,NA,NA,NA,NA
TCAL_06173,Similar to Slc13a5 Solute carrier family 13 member 5 (Rattus norvegicus),0.000312385,6,NA,NA,NA,NA,NA,NA,-0.328644289,0.021532213,-0.277117463,0.096419195,NA,NA
TCAL_06174,Similar to SLC13A5 Solute carrier family 13 member 5 (Homo sapiens),8.14E-08,8,NA,NA,NA,NA,-0.434276408,0.070973217,-0.652333556,0.001376128,NA,NA,NA,NA
TCAL_06179,"Similar to Pla2g2a Phospholipase A2, membrane associated (Mus musculus)",8.01E-05,6,NA,NA,NA,NA,-0.244094488,0.094567281,-0.356129084,0.003189132,NA,NA,NA,NA
TCAL_06195,Protein of unknown function,0.000370873,8,NA,NA,NA,NA,NA,NA,-0.573793492,0.023246908,NA,NA,NA,NA
TCAL_06197,Similar to RUSC2 Iporin (Homo sapiens),0.002915237,2,NA,NA,NA,NA,NA,NA,NA,NA,-0.362032886,0.03751877,NA,NA
TCAL_06200,Protein of unknown function,NA,NA,NA,NA,NA,NA,NA,NA,-0.586014045,0.093582109,NA,NA,NA,NA
TCAL_06201,Protein of unknown function,1.56E-05,7,NA,NA,0.543268867,0.000478087,NA,NA,0.584151171,5.92E-05,NA,NA,NA,NA
TCAL_06211,Similar to EHF ETS homologous factor (Bos taurus),1.46E-05,1,NA,NA,NA,NA,NA,NA,NA,NA,0.560835819,0.039538028,NA,NA
TCAL_06219,Similar to Mrc2 C-type mannose receptor 2 (Mus musculus),NA,NA,NA,NA,2.944166259,0.013297228,NA,NA,NA,NA,NA,NA,NA,NA
TCAL_06232,Similar to mGluR Metabotropic glutamate receptor (Drosophila melanogaster),0.004308948,2,NA,NA,NA,NA,NA,NA,NA,NA,-0.815958179,0.067563351,NA,NA
TCAL_06233,Protein of unknown function,2.64E-06,5,NA,NA,NA,NA,NA,NA,NA,NA,-0.698167126,0.006957465,NA,NA
TCAL_06236,Similar to TPX2 Targeting protein for Xklp2 homolog (Patiria pectinifera),0.000381201,1,NA,NA,NA,NA,NA,NA,NA,NA,NA,NA,NA,NA
TCAL_06244,Similar to tmtc2 Transmembrane and TPR repeat-containing protein 2 (Xenopus laevis),2.01E-05,7,NA,NA,NA,NA,0.516615608,0.012191326,NA,NA,NA,NA,-0.590710623,0.016803132
TCAL_06259,Similar to Rem1 GTP-binding protein REM 1 (Mus musculus),1.04E-09,2,NA,NA,0.941863699,0.000144684,0.903610216,0.000209771,NA,NA,-0.606786261,0.037711225,NA,NA
TCAL_06260,Similar to RENBP N-acylglucosamine 2-epimerase (Sus scrofa),2.58E-05,9,NA,NA,NA,NA,NA,NA,-0.248259856,0.008111451,-0.240870449,0.015672417,NA,NA
TCAL_06272,Similar to CG4038 Probable H/ACA ribonucleoprotein complex subunit 1 (Drosophila melanogaster),NA,NA,NA,NA,NA,NA,-0.485026238,0.03446045,NA,NA,NA,NA,NA,NA
TCAL_06274,Similar to CIR1 Corepressor interacting with RBPJ 1 (Gallus gallus),0.000770752,2,NA,NA,NA,NA,NA,NA,NA,NA,-0.472783288,0.054942476,NA,NA
TCAL_06280,Similar to Fut2 Galactoside 2-alpha-L-fucosyltransferase 2 (Mus musculus),1.51E-06,2,NA,NA,0.445833,0.018319881,0.429187582,0.016886138,0.365212226,0.070679637,NA,NA,NA,NA
TCAL_06285,Similar to Lip3 Lipase 3 (Drosophila melanogaster),2.31E-05,1,NA,NA,NA,NA,NA,NA,NA,NA,0.598429816,0.019329058,NA,NA
TCAL_06286,Protein of unknown function,2.10E-05,1,NA,NA,0.469706409,0.009604644,0.432559835,0.015638885,0.50911151,0.002067181,NA,NA,NA,NA
TCAL_06292,Similar to NDRG3 Protein NDRG3 (Pongo abelii),1.46E-05,2,NA,NA,0.245663806,0.080123928,0.398659949,0.000100964,NA,NA,-0.265267892,0.037392279,NA,NA
TCAL_06301,Similar to Cys Crustapain (Pandalus borealis),1.06E-06,8,NA,NA,-0.428944496,0.013812721,-0.404934042,0.016491358,-0.563120474,0.000128384,NA,NA,NA,NA
TCAL_06306,Protein of unknown function,NA,NA,NA,NA,NA,NA,NA,NA,-0.403272532,0.037303058,NA,NA,NA,NA
TCAL_06332,Similar to TALDO1 Transaldolase (Homo sapiens),NA,NA,NA,NA,NA,NA,NA,NA,NA,NA,-0.193412383,0.098825078,NA,NA
TCAL_06342,"Similar to Pfkfb4 6-phosphofructo-2-kinase/fructose-2,6-bisphosphatase 4 (Mus musculus)",0.000228472,9,NA,NA,NA,NA,NA,NA,-0.612590141,0.000531508,-0.887933731,2.84E-08,NA,NA
TCAL_06365,Similar to MAN2B1 Lysosomal alpha-mannosidase (Bos taurus),5.90E-07,8,NA,NA,NA,NA,NA,NA,-0.321789145,0.002603238,NA,NA,NA,NA
TCAL_06385,Similar to Ptprb Receptor-type tyrosine-protein phosphatase beta (Mus musculus),0.000136813,4,NA,NA,NA,NA,NA,NA,NA,NA,0.213079545,0.087444225,NA,NA
TCAL_06401,Similar to TMPRSS13 Transmembrane protease serine 13 (Homo sapiens),1.19E-06,5,NA,NA,NA,NA,0.471705295,0.020339491,NA,NA,NA,NA,-0.543088339,0.028129967
TCAL_06404,Similar to RpII140 DNA-directed RNA polymerase II subunit RPB2 (Drosophila melanogaster),0.000328681,2,NA,NA,0.200114632,0.081856288,NA,NA,NA,NA,NA,NA,NA,NA
TCAL_06417,Similar to SLC22A1 Solute carrier family 22 member 1 (Oryctolagus cuniculus),NA,NA,NA,NA,NA,NA,NA,NA,-0.662508327,0.074932936,NA,NA,NA,NA
TCAL_06427,Similar to trpa-1 Transient receptor potential cation channel subfamily A member 1 homolog (Caenorhabditis elegans),1.28E-08,2,NA,NA,NA,NA,NA,NA,NA,NA,-0.284902642,0.005006091,NA,NA
TCAL_06433,Similar to egr Protein eiger (Drosophila melanogaster),1.29E-14,7,0.457205062,0.027926577,0.606942235,0.000121639,0.717252728,7.09E-07,0.872223076,2.07E-10,NA,NA,NA,NA
TCAL_06440,Similar to TCTE1 T-complex-associated testis-expressed protein 1 (Macaca fascicularis),0.001030177,4,NA,NA,NA,NA,-1.211427938,0.021264381,NA,NA,NA,NA,NA,NA
TCAL_06444,Protein of unknown function,0.001128409,2,NA,NA,NA,NA,0.677371073,0.008314638,NA,NA,-0.635252524,0.019942856,-0.616889322,0.085990383
TCAL_06445,Similar to LPCAT Lysophosphatidylcholine acyltransferase (Drosophila melanogaster),0.000805053,6,NA,NA,NA,NA,-0.389062415,0.088367054,-0.41268094,0.0670895,NA,NA,NA,NA
TCAL_06468,Similar to gmppb-a Mannose-1-phosphate guanyltransferase beta-A (Xenopus laevis),NA,NA,NA,NA,NA,NA,-0.245478319,0.033658401,NA,NA,NA,NA,NA,NA
TCAL_06470,Similar to HKDC1 Putative hexokinase HKDC1 (Homo sapiens),1.62E-05,2,NA,NA,NA,NA,NA,NA,-0.172193878,0.093016115,NA,NA,NA,NA
TCAL_06471,Similar to DUSP3 Dual specificity protein phosphatase 3 (Pongo abelii),NA,NA,NA,NA,NA,NA,-0.516044151,0.061002472,NA,NA,NA,NA,NA,NA
TCAL_06482,Similar to ywtG Putative metabolite transport protein YwtG (Bacillus subtilis (strain 168)),8.44E-06,2,NA,NA,0.667799908,0.008812264,0.625645306,0.012191326,NA,NA,-0.552458456,0.048157115,NA,NA
TCAL_06499,Similar to fbxl15 F-box/LRR-repeat protein 15 (Dicentrarchus labrax),0.001112246,2,0.426528939,0.088029132,0.412291844,0.060492418,NA,NA,NA,NA,NA,NA,NA,NA
TCAL_06505,Similar to Ddit4l DNA damage-inducible transcript 4-like protein (Rattus norvegicus),3.24E-07,4,NA,NA,NA,NA,NA,NA,0.405376585,0.048964956,0.55776876,0.002059491,NA,NA
TCAL_06506,Similar to met14 Adenylyl-sulfate kinase (Schizosaccharomyces pombe (strain 972 / ATCC 24843)),0.001520072,4,NA,NA,NA,NA,NA,NA,NA,NA,NA,NA,NA,NA
TCAL_06511,Similar to pyx Transient receptor potential channel pyrexia (Drosophila melanogaster),3.25E-29,2,0.919240584,5.34E-10,1.046362973,8.84E-14,1.307394742,2.58E-22,NA,NA,-1.50410222,2.73E-29,NA,NA
TCAL_06513,Similar to CD109 CD109 antigen (Homo sapiens),0.000340819,4,NA,NA,NA,NA,NA,NA,NA,NA,NA,NA,NA,NA
TCAL_06517,Similar to CaMKI Calcium/calmodulin-dependent protein kinase type 1 (Macrobrachium nipponense),NA,NA,-0.266752013,0.05178536,NA,NA,NA,NA,NA,NA,NA,NA,NA,NA
TCAL_06535,Similar to GALK1 Galactokinase (Homo sapiens),1.83E-08,6,NA,NA,NA,NA,-0.421204903,0.016051939,-0.40473794,0.02509946,NA,NA,NA,NA
TCAL_06540,Similar to SAMHD1 Deoxynucleoside triphosphate triphosphohydrolase SAMHD1 (Homo sapiens),0.000269018,2,NA,NA,NA,NA,0.139493288,0.090410593,NA,NA,NA,NA,NA,NA
TCAL_06543,Protein of unknown function,0.001762956,4,NA,NA,NA,NA,NA,NA,NA,NA,NA,NA,NA,NA
TCAL_06544,Similar to NUC1 Mitochondrial nuclease (Saccharomyces cerevisiae (strain ATCC 204508 / S288c)),3.71E-05,8,NA,NA,NA,NA,-0.490397012,0.038497957,-0.450986853,0.075828784,NA,NA,NA,NA
TCAL_06548,Similar to CPVL Probable serine carboxypeptidase CPVL (Homo sapiens),1.43E-06,8,NA,NA,-0.331145724,0.030776415,-0.399438932,0.002360759,-0.49021914,4.83E-05,NA,NA,NA,NA
TCAL_06556,Similar to Snaclec coagulation factor IX/factor X-binding protein subunit B (Protobothrops flavoviridis),NA,NA,NA,NA,-0.221193294,0.074567118,NA,NA,NA,NA,NA,NA,NA,NA
TCAL_06575,methyltransferase 24,NA,NA,NA,NA,NA,NA,0.783334587,0.061953293,NA,NA,NA,NA,NA,NA
TCAL_06581,Similar to tpsp Bifunctional trehalose-6-phosphate synthase/phosphatase (Thermoproteus tenax (strain ATCC 35583 / DSM 2078 / JCM 9277 / NBRC 100435 / Kra 1)),1.34E-14,2,0.607660425,2.93E-09,0.559080071,3.69E-08,0.894578559,5.69E-22,NA,NA,-0.745464091,4.71E-15,-0.286918135,0.090394981
TCAL_06583,Protein of unknown function,NA,NA,0.640186356,0.099365501,0.627708144,0.061341971,0.723657707,0.011098206,NA,NA,NA,NA,NA,NA
TCAL_06605,Similar to faah-1 Fatty acid amide hydrolase 1 (Caenorhabditis elegans),NA,NA,NA,NA,NA,NA,-0.251121148,0.081873279,NA,NA,NA,NA,NA,NA
TCAL_06621,Similar to ttm-5 Putative sphingolipid delta(4)-desaturase/C4-monooxygenase (Caenorhabditis elegans),3.33E-08,1,NA,NA,NA,NA,NA,NA,0.357112917,5.76E-05,0.25097016,0.018484735,NA,NA
TCAL_06624,Protein of unknown function,2.10E-24,2,1.06510361,1.04E-11,1.302899328,1.59E-18,1.553958325,7.91E-27,0.815007188,3.13E-07,-0.738951136,8.07E-06,-0.488854714,0.05039853
TCAL_06625,Protein of unknown function,NA,NA,NA,NA,NA,NA,2.850837777,0.014822419,2.901609189,0.012294705,NA,NA,NA,NA
TCAL_06626,Protein of unknown function,4.67E-07,7,NA,NA,NA,NA,0.449197554,0.00020036,0.456711397,0.00012609,NA,NA,NA,NA
TCAL_06637,Protein of unknown function,0.007347577,5,NA,NA,NA,NA,NA,NA,-0.413157997,0.065626179,-0.433854631,0.055293367,NA,NA
TCAL_06645,Similar to Tspoap1 Peripheral-type benzodiazepine receptor-associated protein 1 (Mus musculus),0.000177054,2,NA,NA,NA,NA,NA,NA,NA,NA,-0.591118677,0.064117623,NA,NA
TCAL_06650,Similar to GLRA3 Glycine receptor subunit alpha-3 (Homo sapiens),0.000951683,2,NA,NA,NA,NA,1.50312881,0.023175235,NA,NA,NA,NA,NA,NA
TCAL_06657,Similar to myt1 Myelin transcription factor 1 (Xenopus laevis),NA,NA,-0.766233285,0.078299939,NA,NA,NA,NA,NA,NA,NA,NA,NA,NA
TCAL_06685,C19orf12 homolog,0.000411171,2,NA,NA,NA,NA,NA,NA,NA,NA,-0.22603325,0.017416007,NA,NA
TCAL_06688,U8-agatoxin-Ao1a-like isoform X1,0.000221411,1,NA,NA,NA,NA,NA,NA,NA,NA,NA,NA,NA,NA
TCAL_06699,Similar to Mp20 Muscle-specific protein 20 (Drosophila melanogaster),0.000153994,8,NA,NA,NA,NA,NA,NA,-0.318114415,0.019207514,NA,NA,NA,NA
TCAL_06700,Similar to Mlp84B Muscle LIM protein Mlp84B (Drosophila melanogaster),NA,NA,NA,NA,NA,NA,NA,NA,-0.371859333,0.044395752,NA,NA,NA,NA
TCAL_06720,Similar to SERTAD4 SERTA domain-containing protein 4 (Homo sapiens),4.50E-07,2,NA,NA,0.490907309,0.030850866,0.494051491,0.018676928,NA,NA,-0.630365488,0.001211752,NA,NA
TCAL_06728,Similar to hsp70 Heat shock 70 kDa protein (Oncorhynchus tshawytscha),0.000760307,8,-0.912279141,0.009654633,-0.75357248,0.035205409,NA,NA,NA,NA,NA,NA,NA,NA
TCAL_06749,Similar to bsh Brain-specific homeobox protein (Drosophila melanogaster),NA,NA,NA,NA,NA,NA,NA,NA,0.882041864,0.016258606,NA,NA,NA,NA
TCAL_06752,Similar to TNKS Tankyrase-1 (Homo sapiens),1.83E-06,1,NA,NA,NA,NA,NA,NA,0.657164803,0.000696663,NA,NA,NA,NA
TCAL_06763,Similar to trmt11 tRNA (guanine(10)-N2)-methyltransferase homolog (Xenopus laevis),NA,NA,NA,NA,NA,NA,NA,NA,-0.260379266,0.081346026,NA,NA,NA,NA
TCAL_06771,Similar to V-SKI Transforming protein Ski (Avian erythroblastosis virus (strain Sloan-Kettering)),6.34E-05,2,NA,NA,NA,NA,0.451410057,0.001368258,NA,NA,-0.465074799,0.001095853,NA,NA
TCAL_06780,Similar to aPKC Atypical protein kinase C (Drosophila melanogaster),0.004430445,5,NA,NA,NA,NA,NA,NA,NA,NA,-0.244148892,0.022900651,NA,NA
TCAL_06782,Similar to cpb F-actin-capping protein subunit beta (Drosophila melanogaster),NA,NA,NA,NA,NA,NA,NA,NA,0.176307061,0.097987347,NA,NA,NA,NA
TCAL_06789,Similar to PARG Poly(ADP-ribose) glycohydrolase (Bos taurus),1.69E-05,2,NA,NA,0.559366845,0.094634031,0.583514368,0.044314964,NA,NA,-0.577925535,0.06291071,NA,NA
TCAL_06790,Protein of unknown function,NA,NA,NA,NA,NA,NA,NA,NA,NA,NA,-0.440800447,0.072664262,NA,NA
TCAL_06797,Similar to F10 Coagulation factor X (Mus musculus),8.67E-05,4,NA,NA,NA,NA,-0.985176252,0.030073957,NA,NA,NA,NA,NA,NA
TCAL_06799,Similar to CHAC2 Putative glutathione-specific gamma-glutamylcyclotransferase 2 (Bos taurus),8.87E-15,1,NA,NA,NA,NA,0.282042168,0.026128957,0.517970258,2.39E-07,NA,NA,-0.28719385,0.090394981
TCAL_06802,Similar to Venom carboxylesterase-6 (Apis mellifera),6.50E-24,3,1.572152336,6.67E-16,1.787168954,1.12E-21,2.266719717,1.56E-35,0.993170304,1.18E-06,-1.273549413,4.42E-11,-0.694567381,0.01297556
TCAL_06811,Similar to Limbic system-associated membrane protein (Gallus gallus),0.002510784,5,NA,NA,NA,NA,NA,NA,NA,NA,NA,NA,NA,NA
TCAL_06817,chondroitin proteoglycan-2-like,0.00016506,7,NA,NA,NA,NA,NA,NA,0.207140183,0.013532449,NA,NA,NA,NA
TCAL_06827,Similar to Hip14 Palmitoyltransferase Hip14 (Drosophila melanogaster),0.018464476,3,0.331551553,0.044516335,NA,NA,0.267075927,0.075986258,NA,NA,NA,NA,NA,NA
TCAL_06831,Similar to CG14299 Ectopic P granules protein 5 homolog (Drosophila melanogaster),1.74E-11,2,0.35477349,0.000923726,0.267502337,0.023043605,0.289537627,0.006243678,NA,NA,-0.347575143,0.000555478,NA,NA
TCAL_06836,"Similar to HNRNP Heterogeneous nuclear ribonucleoprotein A1, A2/B1 homolog (Schistocerca americana)",NA,NA,NA,NA,NA,NA,-0.278341186,0.041314234,NA,NA,NA,NA,NA,NA
TCAL_06837,Similar to NDUFA6 NADH dehydrogenase [ubiquinone] 1 alpha subcomplex subunit 6 (Pongo pygmaeus),NA,NA,NA,NA,NA,NA,0.259697178,0.08619556,NA,NA,NA,NA,NA,NA
TCAL_06840,Similar to UPB1 Beta-ureidopropionase (Pongo abelii),0.003106781,8,NA,NA,NA,NA,NA,NA,NA,NA,NA,NA,NA,NA
TCAL_06860,Similar to Atg6 Beclin-1-like protein (Drosophila melanogaster),NA,NA,NA,NA,NA,NA,0.541230671,0.033596437,NA,NA,NA,NA,NA,NA
TCAL_06880,Similar to Cpr NADPH--cytochrome P450 reductase (Drosophila melanogaster),0.000761568,4,NA,NA,NA,NA,-0.212520285,0.022509736,NA,NA,0.217360589,0.024005723,NA,NA
TCAL_06893,Similar to SPBC30D10.14 Uncharacterized AIM2 family protein C30D10.14 (Schizosaccharomyces pombe (strain 972 / ATCC 24843)),2.60E-09,9,NA,NA,NA,NA,NA,NA,-0.377231839,6.22E-06,-0.296003966,0.001582127,NA,NA
TCAL_06897,Similar to Dynlrb2 Dynein light chain roadblock-type 2 (Mus musculus),0.001340792,2,NA,NA,NA,NA,NA,NA,NA,NA,NA,NA,NA,NA
TCAL_06906,Protein of unknown function,2.53E-17,9,NA,NA,NA,NA,NA,NA,-2.483452236,3.86E-22,-2.572408118,7.05E-24,NA,NA
TCAL_06907,Protein of unknown function,0.003702858,9,NA,NA,NA,NA,NA,NA,-0.444892295,0.000367781,-0.615650116,7.83E-08,NA,NA
TCAL_06909,Similar to slc6a9 Sodium- and chloride-dependent glycine transporter 1 (Xenopus laevis),0.001129803,2,NA,NA,NA,NA,NA,NA,-0.459142898,0.039060627,-0.532196463,0.011919453,NA,NA
TCAL_06924,"PREDICTED: chitinase-like, partial",2.52E-09,8,NA,NA,NA,NA,NA,NA,-0.694507453,5.27E-06,-0.379259119,0.070296573,NA,NA
TCAL_06932,complement C1q 4 isoform X2,0.000862463,3,NA,NA,NA,NA,0.331527917,0.057948029,NA,NA,NA,NA,NA,NA
TCAL_06966,Similar to akr1a1a Alcohol dehydrogenase [NADP(+)] A (Danio rerio),0.000450742,8,NA,NA,NA,NA,NA,NA,NA,NA,NA,NA,NA,NA
TCAL_06968,"Similar to Suclg2 Succinate--CoA ligase [GDP-forming] subunit beta, mitochondrial (Mus musculus)",0.003152697,3,NA,NA,NA,NA,NA,NA,NA,NA,NA,NA,NA,NA
TCAL_06985,Similar to Shpk Sedoheptulokinase (Mus musculus),6.78E-08,2,NA,NA,0.35634012,0.049482746,NA,NA,NA,NA,-0.427058296,0.008405684,NA,NA
TCAL_06987,Similar to FUCA1 Tissue alpha-L-fucosidase (Homo sapiens),NA,NA,NA,NA,-0.38412955,0.022607971,NA,NA,NA,NA,NA,NA,NA,NA
TCAL_06996,Similar to klhl12 Kelch-like protein 12 (Danio rerio),NA,NA,NA,NA,NA,NA,NA,NA,0.860226031,0.060854159,NA,NA,NA,NA
TCAL_07000,glutamate receptor kainate 5-like,0.001395604,8,NA,NA,NA,NA,NA,NA,NA,NA,NA,NA,NA,NA
TCAL_07003,Similar to Hpdl 4-hydroxyphenylpyruvate dioxygenase-like protein (Rattus norvegicus),0.00040995,1,NA,NA,NA,NA,NA,NA,0.31102552,0.097990443,NA,NA,NA,NA
TCAL_07004,pickpocket 28-like,0.002094252,2,NA,NA,NA,NA,NA,NA,NA,NA,NA,NA,NA,NA
TCAL_07011,Similar to hspb1 Heat shock protein beta-1 (Poeciliopsis lucida),0.000192739,1,NA,NA,NA,NA,NA,NA,0.483008222,0.014492134,NA,NA,NA,NA
TCAL_07012,Similar to bab1 Protein bric-a-brac 1 (Drosophila melanogaster),0.000191909,8,NA,NA,-0.416531945,0.006265702,NA,NA,NA,NA,NA,NA,NA,NA
TCAL_07023,Protein of unknown function,0.000160575,1,NA,NA,NA,NA,NA,NA,0.24608095,0.080466987,NA,NA,NA,NA
TCAL_07036,Similar to Ank3 Ankyrin-3 (Mus musculus),NA,NA,NA,NA,NA,NA,0.774395839,0.070156156,NA,NA,NA,NA,NA,NA
TCAL_07045,Similar to mpv17l Mpv17-like protein (Xenopus laevis),3.13E-10,8,NA,NA,-0.95668609,2.48E-05,-0.692449914,0.003703862,-1.126484163,1.52E-07,NA,NA,NA,NA
TCAL_07063,Similar to TM1 Tropomyosin (Homarus americanus),NA,NA,-0.466957009,0.05178536,NA,NA,NA,NA,NA,NA,NA,NA,NA,NA
TCAL_07064,Similar to Smpd1 Sphingomyelin phosphodiesterase (Mus musculus),NA,NA,NA,NA,NA,NA,-0.669505648,0.002250776,NA,NA,NA,NA,NA,NA
TCAL_07070,Similar to Chtf8 Chromosome transmission fidelity protein 8 homolog (Rattus norvegicus),NA,NA,NA,NA,NA,NA,NA,NA,0.817750489,0.099393173,NA,NA,NA,NA
TCAL_07085,Similar to TH1 Negative elongation factor D (Drosophila melanogaster),5.40E-05,2,NA,NA,NA,NA,NA,NA,NA,NA,-0.225160117,0.073845928,NA,NA
TCAL_07094,Similar to PA2770 Uncharacterized isomerase PA2770 (Pseudomonas aeruginosa (strain ATCC 15692 / DSM 22644 / CIP 104116 / JCM 14847 / LMG 12228 / 1C / PRS 101 / PAO1)),0.000709746,6,NA,NA,NA,NA,-0.611835805,0.00027365,NA,NA,NA,NA,0.456788211,0.068374316
TCAL_07096,Similar to Klf12 Krueppel-like factor 12 (Mus musculus),3.33E-05,4,NA,NA,NA,NA,NA,NA,1.128602111,0.040332327,1.301510873,0.016333428,NA,NA
TCAL_07130,"Similar to d2hgdh D-2-hydroxyglutarate dehydrogenase, mitochondrial (Danio rerio)",0.000505486,6,NA,NA,NA,NA,NA,NA,-0.336913228,0.008058094,-0.27732087,0.063161022,NA,NA
TCAL_07168,Similar to Tret1 Facilitated trehalose transporter Tret1 (Culex quinquefasciatus),0.00144311,8,NA,NA,NA,NA,NA,NA,NA,NA,NA,NA,NA,NA
TCAL_07183,Protein of unknown function,5.75E-07,8,NA,NA,NA,NA,NA,NA,-0.437160814,0.006775191,NA,NA,NA,NA
TCAL_07195,Similar to ARA1 Acetylcholine receptor subunit alpha-like (Manduca sexta),0.000222995,5,NA,NA,NA,NA,NA,NA,NA,NA,-0.488157381,0.023967532,NA,NA
TCAL_07231,Similar to SLC35G1 Solute carrier family 35 member G1 (Homo sapiens),3.19E-05,6,NA,NA,NA,NA,NA,NA,-0.394807703,0.000294392,-0.258093308,0.067496232,NA,NA
TCAL_07237,Similar to MTX2 Metaxin-2 (Sus scrofa),1.86E-06,2,NA,NA,0.27798895,0.029481833,0.27939127,0.017349936,NA,NA,NA,NA,NA,NA
TCAL_07242,Similar to B0416.5 Uncharacterized protein B0416.5 (Caenorhabditis elegans),6.35E-13,8,NA,NA,-0.341028035,0.000577679,-0.359102932,0.000126898,-0.395900416,1.38E-05,NA,NA,NA,NA
TCAL_07243,Similar to Hex-t2 Hexokinase type 2 (Drosophila melanogaster),NA,NA,NA,NA,NA,NA,-0.37172025,0.046880905,NA,NA,NA,NA,NA,NA
TCAL_07251,Similar to Fas1 Fasciclin-1 (Drosophila melanogaster),0.00430536,1,NA,NA,NA,NA,NA,NA,NA,NA,NA,NA,NA,NA
TCAL_07253,Similar to rhbdf1 Inactive rhomboid protein 1 (Danio rerio),6.46E-05,5,NA,NA,NA,NA,NA,NA,NA,NA,-0.463637286,0.000824922,NA,NA
TCAL_07288,Protein of unknown function,NA,NA,NA,NA,NA,NA,NA,NA,0.646200875,0.098642125,NA,NA,NA,NA
TCAL_07307,Similar to Cct6a T-complex protein 1 subunit zeta (Mus musculus),NA,NA,NA,NA,NA,NA,-0.224181152,0.075893684,NA,NA,NA,NA,NA,NA
TCAL_07309,Protein of unknown function,NA,NA,NA,NA,NA,NA,NA,NA,NA,NA,0.23417246,0.065924229,NA,NA
TCAL_07313,Protein of unknown function,8.86E-14,1,0.288601826,0.020359278,0.271002194,0.018917698,0.336896432,0.000623968,0.561768289,4.21E-11,0.224871857,0.064020814,NA,NA
TCAL_07317,Similar to fax Failed axon connections (Drosophila melanogaster),2.11E-06,8,-0.574313846,0.05131359,-0.817922892,0.000152752,-0.732690442,0.000772805,-0.783538239,0.000209792,NA,NA,NA,NA
TCAL_07318,Similar to faxc Failed axon connections homolog (Xenopus tropicalis),0.000183542,9,NA,NA,NA,NA,NA,NA,-0.319742921,0.002836105,-0.307044734,0.006616322,NA,NA
TCAL_07337,Similar to GLB1 Beta-galactosidase (Felis catus),2.53E-08,1,NA,NA,NA,NA,NA,NA,0.525416192,4.24E-05,NA,NA,NA,NA
TCAL_07355,Similar to Vinc Vinculin (Drosophila melanogaster),2.00E-08,8,NA,NA,NA,NA,NA,NA,-0.561126942,6.50E-05,NA,NA,NA,NA
TCAL_07357,"Similar to ABAT 4-aminobutyrate aminotransferase, mitochondrial (Sus scrofa)",NA,NA,NA,NA,NA,NA,0.590814396,0.012364422,NA,NA,-0.472967621,0.091932955,NA,NA
TCAL_07358,Protein of unknown function,NA,NA,NA,NA,NA,NA,0.754421293,0.093092796,NA,NA,NA,NA,NA,NA
TCAL_07396,Similar to snRNP-U1-70K U1 small nuclear ribonucleoprotein 70 kDa (Drosophila melanogaster),0.000811535,6,NA,NA,NA,NA,-0.462317983,0.002691057,NA,NA,NA,NA,NA,NA
TCAL_07400,Similar to Glycine--tRNA ligase (Bombyx mori),0.000545771,6,NA,NA,NA,NA,NA,NA,-0.220775118,0.013734948,NA,NA,NA,NA
TCAL_07423,Similar to rho-1 Ras-like GTP-binding protein rhoA (Caenorhabditis elegans),0.001475665,8,NA,NA,NA,NA,-0.453478437,0.094016533,NA,NA,NA,NA,NA,NA
TCAL_07429,Similar to Akr1a1 Alcohol dehydrogenase [NADP(+)] (Mus musculus),6.91E-05,6,NA,NA,NA,NA,NA,NA,-0.386975668,0.001162982,NA,NA,NA,NA
TCAL_07448,Similar to Sec61b Protein transport protein Sec61 subunit beta (Mus musculus),0.000115995,8,NA,NA,NA,NA,-0.249578036,0.011619496,NA,NA,NA,NA,NA,NA
TCAL_07460,Similar to Rcl1 RNA 3'-terminal phosphate cyclase-like protein (Mus musculus),0.0006092,5,NA,NA,NA,NA,NA,NA,NA,NA,NA,NA,NA,NA
TCAL_07480,Similar to pinta Retinol-binding protein pinta (Drosophila melanogaster),5.90E-07,8,NA,NA,-0.337275811,0.006131731,-0.353584499,0.002037142,-0.331305279,0.004771318,NA,NA,NA,NA
TCAL_07497,Similar to nrf-6 Nose resistant to fluoxetine protein 6 (Caenorhabditis elegans),NA,NA,NA,NA,0.28085327,0.058959275,NA,NA,NA,NA,NA,NA,NA,NA
TCAL_07498,Protein of unknown function,NA,NA,NA,NA,NA,NA,-2.08784708,0.058680901,NA,NA,NA,NA,NA,NA
TCAL_07499,Similar to Luciferin 4-monooxygenase (Photuris pensylvanica),1.18E-12,6,NA,NA,-2.419072079,6.32E-05,-2.838025676,8.48E-07,-1.933430624,0.001615885,NA,NA,NA,NA
TCAL_07500,Similar to zig-8 Zwei Ig domain protein zig-8 (Caenorhabditis elegans),NA,NA,NA,NA,NA,NA,-1.349409798,0.001368258,NA,NA,1.039557666,0.041935122,NA,NA
TCAL_07520,Similar to Ptgr1 Prostaglandin reductase 1 (Cavia porcellus),3.55E-05,6,NA,NA,NA,NA,-0.268059403,0.001699567,NA,NA,NA,NA,NA,NA
TCAL_07521,Similar to ct Homeobox protein cut (Drosophila melanogaster),0.000316777,1,NA,NA,NA,NA,NA,NA,NA,NA,NA,NA,NA,NA
TCAL_07525,Similar to PTGR1 Prostaglandin reductase 1 (Bos taurus),0.000129122,1,NA,NA,NA,NA,NA,NA,0.39325802,0.014018263,0.520194642,0.000357621,NA,NA
TCAL_07529,Similar to Tgfbi Transforming growth factor-beta-induced protein ig-h3 (Mus musculus),1.46E-06,8,NA,NA,-0.513996366,0.001743212,NA,NA,-0.687585999,1.44E-06,-0.411546654,0.023590865,NA,NA
TCAL_07541,Protein of unknown function,2.86E-05,5,NA,NA,NA,NA,0.674927039,0.024533257,NA,NA,-0.790074783,0.007104171,NA,NA
TCAL_07547,Similar to CMD1 Calmodulin (Blastocladiella emersonii),0.00056562,1,NA,NA,-0.428371706,0.086476254,NA,NA,NA,NA,NA,NA,NA,NA
TCAL_07550,microtubule-associated futsch-like,0.001036555,2,NA,NA,NA,NA,NA,NA,NA,NA,NA,NA,NA,NA
TCAL_07557,Similar to GA17800 Leishmanolysin-like peptidase (Drosophila pseudoobscura pseudoobscura),NA,NA,NA,NA,0.447253159,0.084142336,0.444685833,0.058050751,NA,NA,NA,NA,NA,NA
TCAL_07566,Protein of unknown function,NA,NA,NA,NA,NA,NA,NA,NA,0.146747805,0.096378289,NA,NA,NA,NA
TCAL_07577,Protein of unknown function,0.001067026,2,NA,NA,NA,NA,0.463457222,0.004692649,NA,NA,NA,NA,NA,NA
TCAL_07581,Similar to tutl Protein turtle (Drosophila melanogaster),2.02E-07,6,-0.284612086,0.048270669,NA,NA,NA,NA,-0.373358413,0.00035231,-0.294051969,0.015676775,NA,NA
TCAL_07583,Similar to Plbd2 Putative phospholipase B-like 2 (Rattus norvegicus),0.000823403,7,NA,NA,NA,NA,0.326087967,0.022509736,NA,NA,NA,NA,NA,NA
TCAL_07592,Similar to HPGD 15-hydroxyprostaglandin dehydrogenase [NAD(+)] (Cavia porcellus),2.64E-05,8,NA,NA,-0.872263706,0.00615983,-0.723750103,0.025401025,-0.76719254,0.015717678,NA,NA,0.761865247,0.068285859
TCAL_07603,Similar to pain Transient receptor potential cation channel protein painless (Drosophila melanogaster),0.000281591,2,NA,NA,NA,NA,0.428391236,0.045573657,NA,NA,-0.482817258,0.023590865,NA,NA
TCAL_07649,Similar to oxlT Oxalate:formate antiporter (Oxalobacter formigenes),4.39E-20,8,-1.098619638,0.000317612,-1.480473771,5.01E-08,-1.746177042,3.61E-11,-1.595864667,1.79E-09,NA,NA,NA,NA
TCAL_07652,"Similar to GstD1 Glutathione S-transferase 1, isoform C (Anopheles gambiae)",1.58E-09,6,NA,NA,-0.556704496,4.07E-05,-0.572997674,1.16E-05,-0.413620229,0.004741516,NA,NA,NA,NA
TCAL_07669,Similar to DNAJC27 DnaJ homolog subfamily C member 27 (Homo sapiens),NA,NA,NA,NA,NA,NA,-0.404050218,0.054364194,NA,NA,NA,NA,NA,NA
TCAL_07673,Similar to Aarsd1 Alanyl-tRNA editing protein Aarsd1 (Mus musculus),0.000132445,6,NA,NA,NA,NA,NA,NA,-0.373392686,0.020234257,NA,NA,NA,NA
TCAL_07687,Similar to SV2A Synaptic vesicle glycoprotein 2A (Pongo abelii),NA,NA,NA,NA,NA,NA,NA,NA,-0.218261258,0.094672608,NA,NA,NA,NA
TCAL_07691,Similar to RECQL5 ATP-dependent DNA helicase Q5 (Homo sapiens),0.0003271,4,NA,NA,NA,NA,NA,NA,NA,NA,0.302624275,0.033246059,NA,NA
TCAL_07711,Similar to Syt1 Synaptotagmin 1 (Drosophila melanogaster),5.36E-05,8,NA,NA,NA,NA,-0.391267222,0.021031587,-0.396185412,0.019171476,NA,NA,NA,NA
TCAL_07728,Similar to Hnf4 Transcription factor HNF-4 homolog (Drosophila melanogaster),0.000163851,7,NA,NA,NA,NA,NA,NA,0.430039493,0.081949299,NA,NA,NA,NA
TCAL_07739,Similar to slc46a1 Proton-coupled folate transporter (Danio rerio),0.000112319,2,NA,NA,NA,NA,0.391828286,0.002119412,NA,NA,NA,NA,NA,NA
TCAL_07745,Protein of unknown function,NA,NA,NA,NA,NA,NA,NA,NA,0.662659491,0.037221097,NA,NA,NA,NA
TCAL_07748,Similar to Rfx3 Transcription factor RFX3 (Mus musculus),1.12E-05,7,NA,NA,NA,NA,NA,NA,NA,NA,NA,NA,NA,NA
TCAL_07758,Similar to Tsp2A Tetraspanin-2A (Drosophila melanogaster),NA,NA,NA,NA,NA,NA,-0.268812631,0.043539761,NA,NA,NA,NA,NA,NA
TCAL_07759,Similar to SYT7 Synaptotagmin-7 (Homo sapiens),NA,NA,NA,NA,NA,NA,NA,NA,NA,NA,-0.332373183,0.04852826,NA,NA
TCAL_07763,Similar to KCNQ1 Potassium voltage-gated channel subfamily KQT member 1 (Cavia porcellus),NA,NA,NA,NA,NA,NA,NA,NA,NA,NA,-0.757435688,0.099022689,NA,NA
TCAL_07775,Similar to DACH1 Dachshund homolog 1 (Homo sapiens),0.010828775,4,NA,NA,NA,NA,NA,NA,NA,NA,1.90910161,0.030944962,NA,NA
TCAL_07781,Protein of unknown function,0.003349987,5,NA,NA,NA,NA,NA,NA,NA,NA,NA,NA,-0.544628109,0.095431863
TCAL_07792,Protein of unknown function,4.56E-05,2,NA,NA,NA,NA,NA,NA,NA,NA,-0.404766249,0.007679866,NA,NA
TCAL_07801,Similar to CYP6J1 Cytochrome P450 6j1 (Blattella germanica),2.84E-19,3,0.479980373,8.42E-05,0.577276771,1.08E-07,0.851295212,3.65E-18,0.351415841,0.00594382,-0.499879371,2.20E-06,-0.37131484,0.007100554
TCAL_07804,Protein of unknown function,2.17E-06,2,NA,NA,NA,NA,NA,NA,NA,NA,-0.350728963,0.002529574,NA,NA
TCAL_07807,Protein of unknown function,1.06E-05,8,NA,NA,NA,NA,NA,NA,-0.627581707,0.024189295,NA,NA,NA,NA
TCAL_07809,Similar to S Protein Star (Drosophila melanogaster),0.00012237,2,NA,NA,NA,NA,NA,NA,NA,NA,-0.412483062,0.044987854,NA,NA
TCAL_07813,Protein of unknown function,0.000193514,6,NA,NA,NA,NA,NA,NA,-0.599773562,0.006642649,NA,NA,NA,NA
TCAL_07822,Similar to CHRNA7 Neuronal acetylcholine receptor subunit alpha-7 (Gallus gallus),2.47E-05,6,NA,NA,NA,NA,NA,NA,-0.198207885,0.0189097,NA,NA,NA,NA
TCAL_07833,Similar to Trmt12 tRNA wybutosine-synthesizing protein 2 homolog (Rattus norvegicus),5.83E-06,2,NA,NA,NA,NA,NA,NA,NA,NA,-0.770439973,0.011959389,NA,NA
TCAL_07837,Similar to abcG20 ABC transporter G family member 20 (Dictyostelium discoideum),1.47E-06,3,NA,NA,0.607879111,0.00287043,0.664017634,0.000418892,NA,NA,-0.451521498,0.052694308,NA,NA
TCAL_07838,cell adhesion molecule 2-like,0.000723289,5,NA,NA,NA,NA,NA,NA,NA,NA,NA,NA,NA,NA
TCAL_07840,Similar to UGP2 UTP--glucose-1-phosphate uridylyltransferase (Cricetulus griseus),7.48E-15,3,NA,NA,0.396623295,3.48E-06,0.479191847,1.96E-09,0.305482517,0.000718674,NA,NA,-0.271211357,0.021775683
TCAL_07846,Similar to Mfsd4b1 Sodium-dependent glucose transporter 1A (Mus musculus),NA,NA,NA,NA,0.904621869,0.080026476,NA,NA,NA,NA,NA,NA,NA,NA
TCAL_07848,Similar to Otop2 Otopetrin-2 (Mus musculus),0.001235659,2,NA,NA,NA,NA,NA,NA,NA,NA,NA,NA,NA,NA
TCAL_07853,Similar to R08D7.1 BUD13 homolog (Caenorhabditis elegans),0.000951704,2,NA,NA,NA,NA,NA,NA,NA,NA,NA,NA,NA,NA
TCAL_07858,Similar to Fubp1 Far upstream element-binding protein 1 (Rattus norvegicus),0.002709401,4,NA,NA,NA,NA,-0.204808293,0.01073302,NA,NA,0.183163048,0.039377543,NA,NA
TCAL_07874,Similar to UGT1A6 UDP-glucuronosyltransferase 1-6 (Homo sapiens),2.69E-05,1,NA,NA,NA,NA,NA,NA,0.409896735,0.014018263,0.372599282,0.04242952,NA,NA
TCAL_07894,Similar to HSPB1 Heat shock protein beta-1 (Gallus gallus),NA,NA,-0.296408439,0.096046106,NA,NA,-0.37193685,0.003039342,NA,NA,0.271444325,0.081607685,NA,NA
TCAL_07897,SH3 domain-binding 5 homolog,0.001358326,3,NA,NA,NA,NA,0.341045002,0.008703076,NA,NA,NA,NA,NA,NA
TCAL_07904,Similar to SFXN3 Sideroflexin-3 (Pongo abelii),0.000404866,2,NA,NA,NA,NA,NA,NA,NA,NA,-0.340391197,0.019480541,NA,NA
TCAL_07905,Protein of unknown function,NA,NA,NA,NA,NA,NA,-0.462579687,0.002609246,NA,NA,NA,NA,NA,NA
TCAL_07907,dopamine N-acetyltransferase-like,4.97E-15,7,0.705368127,3.80E-06,0.771904478,7.43E-08,1.026786686,1.24E-14,0.877442607,1.48E-10,NA,NA,NA,NA
TCAL_07908,Similar to SPCC663.09c Uncharacterized oxidoreductase C663.09c (Schizosaccharomyces pombe (strain 972 / ATCC 24843)),NA,NA,NA,NA,NA,NA,NA,NA,-0.243590261,0.075796737,NA,NA,NA,NA
TCAL_07910,influenza virus NS1A-binding homolog isoform X2,0.001110271,2,NA,NA,0.93203314,0.070973423,0.946801295,0.040109042,NA,NA,NA,NA,NA,NA
TCAL_07926,Similar to Tmem9 Transmembrane protein 9 (Mus musculus),2.94E-30,2,0.944936261,6.83E-08,1.132046572,3.89E-12,1.531212994,6.25E-23,-0.665840945,0.000309509,-2.197053939,2.88E-47,-0.586276733,0.01297556
TCAL_07934,Similar to Inx2 Innexin inx2 (Drosophila melanogaster),0.004541351,5,NA,NA,NA,NA,NA,NA,NA,NA,NA,NA,NA,NA
TCAL_07952,Similar to Ptpa Serine/threonine-protein phosphatase 2A activator (Mus musculus),2.09E-05,2,0.432949643,0.014459873,NA,NA,0.61876682,2.17E-06,NA,NA,-0.446413521,0.002354553,NA,NA
TCAL_07968,Similar to lolal Longitudinals lacking protein-like (Drosophila melanogaster),0.000114036,6,NA,NA,NA,NA,NA,NA,-0.27315674,0.002016132,-0.216320608,0.037711225,NA,NA
TCAL_07973,Similar to crq Protein croquemort (Drosophila melanogaster),NA,NA,NA,NA,-0.350053036,0.097089647,NA,NA,NA,NA,NA,NA,NA,NA
TCAL_07996,Similar to THNSL2 Threonine synthase-like 2 (Pongo abelii),0.00432345,5,NA,NA,NA,NA,0.298481907,0.08400499,NA,NA,-0.333993952,0.051793271,NA,NA
TCAL_07997,Similar to notum1a Palmitoleoyl-protein carboxylesterase notum1a (Danio rerio),0.003681599,5,NA,NA,NA,NA,NA,NA,NA,NA,NA,NA,NA,NA
TCAL_08003,Similar to FR FMRFamide receptor (Drosophila melanogaster),NA,NA,NA,NA,NA,NA,-1.590313334,0.008764854,NA,NA,1.578243978,0.012357595,NA,NA
TCAL_08010,Similar to NPC1 Niemann-Pick C1 protein (Sus scrofa),0.000702421,8,NA,NA,NA,NA,-0.930545293,0.02226144,-0.877095117,0.03827328,NA,NA,NA,NA
TCAL_08017,Similar to Bbs5 Bardet-Biedl syndrome 5 protein homolog (Mus musculus),0.001995525,6,NA,NA,NA,NA,NA,NA,-0.884433925,0.023940847,NA,NA,NA,NA
TCAL_08018,Protein of unknown function,NA,NA,NA,NA,NA,NA,NA,NA,0.726014149,0.018938368,NA,NA,NA,NA
TCAL_08030,Similar to Trypsin-1 (Astacus astacus),NA,NA,NA,NA,NA,NA,-2.016302046,0.027625641,-1.719673878,0.087447254,NA,NA,NA,NA
TCAL_08035,Protein of unknown function,NA,NA,NA,NA,NA,NA,NA,NA,-0.434062165,0.090765607,NA,NA,NA,NA
TCAL_08054,Similar to Lac Lachesin (Drosophila melanogaster),0.000190581,5,NA,NA,NA,NA,NA,NA,-0.491998809,0.038249942,-0.476409313,0.059174166,NA,NA
TCAL_08064,Similar to Tox2 TOX high mobility group box family member 2 (Rattus norvegicus),0.008096897,2,NA,NA,NA,NA,NA,NA,NA,NA,NA,NA,NA,NA
TCAL_08066,Similar to Klhl26 Kelch-like protein 26 (Mus musculus),1.40E-07,6,NA,NA,NA,NA,NA,NA,-0.638010948,1.40E-05,-0.462557949,0.007973073,NA,NA
TCAL_08077,Similar to slc39a1 Zinc transporter ZIP1 (Danio rerio),6.28E-06,3,NA,NA,0.280245857,0.032554859,0.335894054,0.002705542,0.24075122,0.073388144,NA,NA,NA,NA
TCAL_08089,Similar to Slc7a4 Cationic amino acid transporter 4 (Mus musculus),0.002667874,5,NA,NA,NA,NA,NA,NA,NA,NA,NA,NA,NA,NA
TCAL_08092,Similar to Hgsnat Heparan-alpha-glucosaminide N-acetyltransferase (Mus musculus),0.000375997,6,NA,NA,NA,NA,NA,NA,-0.185125329,0.049008698,NA,NA,NA,NA
TCAL_08121,Similar to Ald Fructose-bisphosphate aldolase (Drosophila melanogaster),NA,NA,NA,NA,NA,NA,0.479893124,0.054364194,NA,NA,NA,NA,NA,NA
TCAL_08134,"Similar to NLRP2 NACHT, LRR and PYD domains-containing protein 2 (Homo sapiens)",0.012526686,5,NA,NA,NA,NA,NA,NA,NA,NA,-0.960520465,0.066508506,NA,NA
TCAL_08140,Similar to tropE Short-chain dehydrogenase/reductase tropE (Talaromyces stipitatus (strain ATCC 10500 / CBS 375.48 / QM 6759 / NRRL 1006)),2.03E-05,4,NA,NA,-0.663051711,0.045966024,-1.059904108,3.30E-05,NA,NA,0.994717512,0.000170557,0.79189745,0.028062654
TCAL_08143,Similar to ccdc102a Coiled-coil domain-containing protein 102A (Xenopus laevis),0.002254933,5,NA,NA,NA,NA,NA,NA,NA,NA,NA,NA,NA,NA
TCAL_08151,Similar to DDHD1 Phospholipase DDHD1 (Bos taurus),3.99E-06,2,NA,NA,NA,NA,0.815385218,0.005954577,NA,NA,-0.648478255,0.055609478,-0.816375168,0.03178222
TCAL_08165,Similar to gst-6 Probable glutathione S-transferase 6 (Caenorhabditis elegans),3.15E-10,6,-0.54407457,0.048270669,-0.691229352,0.001099878,-0.740869664,0.000201359,-1.135666734,1.92E-10,NA,NA,NA,NA
TCAL_08167,Similar to Ptchd3 Patched domain-containing protein 3 (Mus musculus),8.27E-25,4,-0.597216995,0.000151011,-0.981715585,3.47E-13,-0.977182556,1.79E-13,-0.319630368,0.097516581,0.657552188,8.64E-06,NA,NA
TCAL_08169,Similar to Protein snakeskin (Bombyx mori),NA,NA,NA,NA,NA,NA,0.387061547,0.030497715,0.363517262,0.05179983,NA,NA,NA,NA
TCAL_08173,Similar to Kibra Protein kibra (Drosophila yakuba),NA,NA,NA,NA,NA,NA,-0.22243592,0.090400992,NA,NA,0.22726519,0.099028412,NA,NA
TCAL_08174,Similar to Vascular endothelial growth factor A (Bitis gabonica),NA,NA,NA,NA,NA,NA,0.294944434,0.0851217,NA,NA,NA,NA,NA,NA
TCAL_08175,"Similar to AGAP002721 Tryptophan 2,3-dioxygenase (Anopheles gambiae)",4.58E-07,6,NA,NA,NA,NA,-0.331566316,0.018828764,-0.489520498,4.73E-05,NA,NA,NA,NA
TCAL_08177,Protein of unknown function,4.10E-11,8,NA,NA,-1.427697431,9.23E-05,-1.009325292,0.007394807,-2.236014111,1.11E-09,-1.226688819,0.012867074,NA,NA
TCAL_08181,Protein of unknown function,NA,NA,NA,NA,NA,NA,-0.393567372,0.018091366,NA,NA,0.405121959,0.018190495,NA,NA
TCAL_08199,Protein of unknown function,5.09E-05,7,NA,NA,NA,NA,0.533866889,0.003164133,0.483941092,0.010750442,NA,NA,NA,NA
TCAL_08213,Similar to nip7 60S ribosome subunit biogenesis protein NIP7 homolog (Xenopus tropicalis),NA,NA,NA,NA,NA,NA,-0.283588877,0.052763015,NA,NA,NA,NA,NA,NA
TCAL_08241,Similar to Serine protease inhibitor dipetalogastin (Fragment) (Dipetalogaster maximus),1.75E-18,7,0.495688597,0.000442071,0.675615874,2.03E-08,0.894694702,2.07E-15,0.720791724,6.68E-10,NA,NA,-0.399006105,0.021290028
TCAL_08242,Similar to Leech-derived tryptase inhibitor C (Hirudo medicinalis),5.85E-53,7,0.88284924,4.35E-14,1.24028314,1.88E-29,1.45279314,5.83E-41,1.543690566,2.63E-46,NA,NA,-0.5699439,3.63E-05
TCAL_08245,Similar to Ptp99A Tyrosine-protein phosphatase 99A (Drosophila melanogaster),5.56E-05,1,NA,NA,NA,NA,0.66396284,0.027716159,NA,NA,NA,NA,NA,NA
TCAL_08249,Similar to PIM3 Serine/threonine-protein kinase pim-3 (Coturnix japonica),1.95E-08,5,NA,NA,NA,NA,0.665406577,0.004130973,-0.546091295,0.040548255,-1.211497872,8.32E-10,-0.816006972,0.00131772
TCAL_08250,Similar to F56F10.1 Putative serine protease F56F10.1 (Caenorhabditis elegans),NA,NA,NA,NA,NA,NA,NA,NA,0.371181585,0.087707163,NA,NA,NA,NA
TCAL_08275,Protein of unknown function,1.00E-26,2,0.403988437,0.031141259,0.4743525,0.001697814,0.413680587,0.007354151,-0.657718523,3.20E-06,-1.07139911,2.84E-17,NA,NA
TCAL_08278,Similar to egt-2 Hercynylcysteine sulfoxide lyase (Neurospora crassa (strain ATCC 24698 / 74-OR23-1A / CBS 708.71 / DSM 1257 / FGSC 987)),0.000203751,6,NA,NA,NA,NA,NA,NA,-0.204600708,0.074932936,NA,NA,NA,NA
TCAL_08301,Similar to crb Protein crumbs (Drosophila melanogaster),9.28E-05,4,NA,NA,NA,NA,-0.260508626,0.075986258,NA,NA,NA,NA,NA,NA
TCAL_08314,Similar to Moe Moesin/ezrin/radixin homolog 1 (Culex quinquefasciatus),NA,NA,NA,NA,NA,NA,NA,NA,0.759980199,0.074547767,NA,NA,NA,NA
TCAL_08333,Similar to HLHmgamma Enhancer of split mgamma protein (Drosophila melanogaster),1.57E-10,1,NA,NA,NA,NA,NA,NA,0.525171513,0.000345999,0.675665269,1.19E-06,NA,NA
TCAL_08343,Protein of unknown function,3.71E-05,8,NA,NA,NA,NA,NA,NA,-0.36530709,0.015291062,NA,NA,NA,NA
TCAL_08348,Similar to GRIA2 Glutamate receptor 2 (Homo sapiens),0.001462939,8,NA,NA,NA,NA,NA,NA,NA,NA,NA,NA,NA,NA
TCAL_08350,Similar to Tret1 Facilitated trehalose transporter Tret1 (Bombyx mori),4.69E-05,8,NA,NA,NA,NA,NA,NA,-0.591289375,0.001528933,-0.517798666,0.012397758,NA,NA
TCAL_08353,Similar to Gonadotropin-releasing hormone II receptor (Clarias gariepinus),0.003263595,5,NA,NA,NA,NA,NA,NA,NA,NA,-0.789533599,0.049469313,NA,NA
TCAL_08388,Similar to tdrd1 Tudor domain-containing protein 1 (Oryzias latipes),0.000821305,6,NA,NA,NA,NA,-0.318039498,0.020066129,NA,NA,NA,NA,NA,NA
TCAL_08389,Similar to Elongation factor 1-gamma (Artemia salina),0.013861979,6,NA,NA,NA,NA,NA,NA,-0.177158191,0.069092966,NA,NA,NA,NA
TCAL_08395,Similar to Gm2a Ganglioside GM2 activator (Mus musculus),1.72E-08,8,NA,NA,-0.702555562,2.23E-05,-0.585887174,0.000612941,-0.734131421,3.36E-06,NA,NA,NA,NA
TCAL_08396,Similar to Venom dipeptidyl peptidase 4 (Apis mellifera),0.001140014,6,NA,NA,NA,NA,NA,NA,-0.455200114,0.012506708,NA,NA,NA,NA
TCAL_08398,Similar to UGT8 2-hydroxyacylsphingosine 1-beta-galactosyltransferase (Homo sapiens),2.66E-07,2,NA,NA,0.369476561,0.08148318,0.665976069,5.65E-06,NA,NA,-0.617260691,4.51E-05,-0.405771124,0.083934925
TCAL_08425,Similar to LRP2 Low-density lipoprotein receptor-related protein 2 (Homo sapiens),NA,NA,NA,NA,NA,NA,0.269116278,0.081575694,NA,NA,NA,NA,NA,NA
TCAL_08428,Similar to cadm2 Cell adhesion molecule 2 (Xenopus tropicalis),NA,NA,NA,NA,NA,NA,-0.369880101,0.048119565,NA,NA,NA,NA,NA,NA
TCAL_08462,Similar to GluClalpha Glutamate-gated chloride channel (Drosophila melanogaster),2.85E-10,2,0.229889237,0.064421172,0.317142982,0.000440848,0.407305407,4.68E-07,NA,NA,-0.24441178,0.015138816,NA,NA
TCAL_08490,Protein of unknown function,2.02E-05,1,NA,NA,NA,NA,NA,NA,1.179709152,0.010829663,1.097119482,0.027242735,NA,NA
TCAL_08504,Similar to HEBP1 Heme-binding protein 1 (Gallus gallus),8.95E-12,8,NA,NA,-0.32230511,0.016942365,-0.366759061,0.002352654,-0.518673055,1.15E-06,NA,NA,NA,NA
TCAL_08505,Similar to Cyp6a14 Probable cytochrome P450 6a14 (Drosophila melanogaster),3.30E-06,1,NA,NA,NA,NA,NA,NA,0.512001016,0.001070344,NA,NA,NA,NA
TCAL_08508,"Similar to Svep1 Sushi, von Willebrand factor type A, EGF and pentraxin domain-containing protein 1 (Rattus norvegicus)",0.005242101,2,NA,NA,NA,NA,NA,NA,NA,NA,NA,NA,NA,NA
TCAL_08518,cell adhesion molecule 2-like,NA,NA,NA,NA,NA,NA,0.635772346,0.043725903,NA,NA,NA,NA,NA,NA
TCAL_08532,Similar to lact-2 Beta-lactamase domain-containing protein 2 (Caenorhabditis elegans),0.000283938,2,NA,NA,NA,NA,0.340754304,0.090283519,NA,NA,-0.416538527,0.028901315,NA,NA
TCAL_08534,Protein of unknown function,3.26E-05,5,NA,NA,0.418269596,0.038487892,0.377391133,0.054364194,NA,NA,-0.377798013,0.069609475,NA,NA
TCAL_08536,Similar to Cyp6a14 Probable cytochrome P450 6a14 (Drosophila melanogaster),7.12E-09,1,NA,NA,NA,NA,NA,NA,1.210577875,6.55E-07,0.6918934,0.027421758,NA,NA
TCAL_08545,Similar to zig-4 Zwei Ig domain protein zig-4 (Caenorhabditis elegans),0.000124029,6,-0.322870918,0.03410956,-0.271385353,0.07349833,-0.373508149,0.001704694,NA,NA,NA,NA,NA,NA
TCAL_08547,Similar to entpd7 Ectonucleoside triphosphate diphosphohydrolase 7 (Xenopus tropicalis),0.000377158,4,NA,NA,NA,NA,NA,NA,NA,NA,0.545603713,0.097587667,NA,NA
TCAL_08560,Similar to SLC2A13 Proton myo-inositol cotransporter (Homo sapiens),0.000673222,5,NA,NA,NA,NA,NA,NA,-0.491582136,0.013729334,-0.540132905,0.005866651,NA,NA
TCAL_08561,Similar to Amy4N Alpha-amylase 4N (Drosophila ananassae),NA,NA,NA,NA,NA,NA,-0.537943111,0.027758778,NA,NA,NA,NA,NA,NA
TCAL_08563,"Similar to Cyp301a1 Probable cytochrome P450 301a1, mitochondrial (Drosophila melanogaster)",2.67E-07,2,NA,NA,0.35150282,0.002719584,0.419389827,6.94E-05,NA,NA,NA,NA,NA,NA
TCAL_08565,Similar to ngdn Neuroguidin (Xenopus tropicalis),0.000567853,6,NA,NA,-0.302611088,0.095313683,-0.333949327,0.03089559,NA,NA,NA,NA,NA,NA
TCAL_08592,Similar to nrf-6 Nose resistant to fluoxetine protein 6 (Caenorhabditis elegans),4.34E-18,3,0.659691624,1.62E-06,0.73209061,1.14E-08,1.015414465,4.79E-18,0.472225655,0.00119215,-0.54318881,2.31E-05,-0.355722842,0.068374316
TCAL_08613,"Similar to FBP1 Fructose-1,6-bisphosphatase 1 (Sus scrofa)",0.000574489,1,NA,NA,NA,NA,0.252091175,0.061126647,0.317317489,0.007956025,NA,NA,NA,NA
TCAL_08618,Similar to eIF5 Eukaryotic translation initiation factor 5 (Drosophila melanogaster),2.49E-07,8,NA,NA,NA,NA,NA,NA,-0.452079878,2.87E-06,-0.248089402,0.059231495,NA,NA
TCAL_08621,fatty acid-binding homolog 5-like,6.02E-06,4,NA,NA,-0.618248263,0.06082493,-0.733596324,0.008703076,NA,NA,0.788270422,0.004500378,NA,NA
TCAL_08629,Similar to Tret1 Facilitated trehalose transporter Tret1 (Apis mellifera ligustica),1.86E-14,3,0.542918201,0.049005277,0.941355891,4.69E-07,1.115865841,2.02E-10,0.632246469,0.002444116,-0.483619371,0.042923019,-0.572947639,0.03178222
TCAL_08630,Similar to SULT1C2 Sulfotransferase 1C2 (Homo sapiens),NA,NA,NA,NA,NA,NA,NA,NA,-0.328469283,0.074932936,NA,NA,NA,NA
TCAL_08657,Similar to eIF2alpha Eukaryotic translation initiation factor 2 subunit 1 (Drosophila melanogaster),0.001460762,6,NA,NA,NA,NA,-0.226336163,0.008703076,NA,NA,NA,NA,NA,NA
TCAL_08669,Similar to Zfp2 Zinc finger protein 2 (Mus musculus),2.44E-06,9,NA,NA,NA,NA,NA,NA,-0.267960208,0.086280048,-0.336931088,0.016168886,NA,NA
TCAL_08675,"Similar to norpA 1-phosphatidylinositol 4,5-bisphosphate phosphodiesterase (Drosophila melanogaster)",8.29E-37,3,1.015758018,1.95E-23,1.204409253,3.03E-34,1.731302618,1.16E-72,0.526721871,1.63E-06,-1.204580747,5.40E-35,-0.7155446,6.29E-11
TCAL_08677,Protein of unknown function,0.000102536,7,NA,NA,0.424545697,0.09647631,0.524719606,0.01073302,0.438444153,0.054662604,NA,NA,NA,NA
TCAL_08698,Similar to CG4050 Transmembrane and TPR repeat-containing protein CG4050 (Drosophila melanogaster),1.09E-05,5,NA,NA,NA,NA,NA,NA,NA,NA,-0.577224085,0.049038778,-0.669753549,0.055466726
TCAL_08700,Protein of unknown function,7.06E-05,2,0.30678583,0.011494295,0.236954382,0.070026921,0.227366844,0.059335363,NA,NA,NA,NA,NA,NA
TCAL_08706,Protein of unknown function,0.000479302,3,NA,NA,0.379861484,0.006899755,NA,NA,NA,NA,NA,NA,NA,NA
TCAL_08725,Similar to Atpalpha Sodium/potassium-transporting ATPase subunit alpha (Drosophila melanogaster),NA,NA,NA,NA,NA,NA,NA,NA,NA,NA,0.451615898,0.045875827,NA,NA
TCAL_08732,Protein of unknown function,2.25E-05,7,NA,NA,0.281902574,0.002539064,0.189558361,0.082513784,0.254476981,0.006503153,NA,NA,NA,NA
TCAL_08741,Similar to ccdc115 Coiled-coil domain-containing protein 115 (Danio rerio),1.56E-05,8,NA,NA,NA,NA,NA,NA,NA,NA,NA,NA,NA,NA
TCAL_08754,Similar to ARRDC3 Arrestin domain-containing protein 3 (Bos taurus),NA,NA,NA,NA,-0.464457959,0.085072896,NA,NA,NA,NA,NA,NA,NA,NA
TCAL_08770,Similar to Ppp1r14c Protein phosphatase 1 regulatory subunit 14C (Mus musculus),6.79E-06,4,-0.38322189,0.03410956,-0.393136496,0.012074822,-0.330539939,0.038497957,NA,NA,NA,NA,NA,NA
TCAL_08774,Similar to slc16a10 Monocarboxylate transporter 10 (Danio rerio),3.66E-08,5,NA,NA,0.250885431,0.044724619,0.326869467,0.001368258,NA,NA,-0.359721196,0.00033973,NA,NA
TCAL_08781,Similar to SLC1A1 Excitatory amino acid transporter 3 (Bos taurus),0.000279646,2,NA,NA,NA,NA,NA,NA,NA,NA,NA,NA,NA,NA
TCAL_08788,cardioactive peptide,NA,NA,-1.020887663,0.046368601,NA,NA,NA,NA,NA,NA,NA,NA,NA,NA
TCAL_08795,Similar to clp-1 Calpain clp-1 (Caenorhabditis elegans),0.001094221,2,NA,NA,NA,NA,NA,NA,NA,NA,NA,NA,NA,NA
TCAL_08811,Similar to MARF1 Meiosis regulator and mRNA stability factor 1 (Homo sapiens),2.15E-05,8,NA,NA,-0.557137365,0.004325281,-0.441224624,0.028952033,NA,NA,NA,NA,NA,NA
TCAL_08820,Similar to ELOVL6 Elongation of very long chain fatty acids protein 6 (Gallus gallus),0.000493519,4,NA,NA,NA,NA,NA,NA,NA,NA,NA,NA,NA,NA
TCAL_08825,Similar to Cha Choline O-acetyltransferase (Drosophila melanogaster),NA,NA,NA,NA,NA,NA,-0.512838598,0.000203329,NA,NA,0.4114359,0.008635428,NA,NA
TCAL_08834,Similar to MFSD8 Major facilitator superfamily domain-containing protein 8 (Homo sapiens),0.001305237,4,NA,NA,NA,NA,NA,NA,NA,NA,0.333635711,0.096252206,NA,NA
TCAL_08836,suppressor SRP40-like,0.000237744,4,NA,NA,NA,NA,NA,NA,NA,NA,NA,NA,NA,NA
TCAL_08837,Similar to PSMD10 26S proteasome non-ATPase regulatory subunit 10 (Homo sapiens),NA,NA,NA,NA,NA,NA,NA,NA,-0.253773255,0.06037966,NA,NA,NA,NA
TCAL_08838,Similar to adhA Probable formaldehyde dehydrogenase AdhA (Bacillus subtilis (strain 168)),2.20E-07,6,NA,NA,-0.356718417,0.030496361,-0.383772701,0.009687799,-0.499163407,0.000164068,NA,NA,NA,NA
TCAL_08839,Protein of unknown function,NA,NA,NA,NA,NA,NA,-0.845613226,0.004373024,-0.685462011,0.036017939,NA,NA,NA,NA
TCAL_08840,actin-related 2 precursor,4.02E-18,2,0.626579676,0.016720928,0.718165065,0.001111446,0.951256876,1.01E-06,-0.582975952,0.011889012,-1.534232827,7.99E-18,NA,NA
TCAL_08845,Similar to CG31145 Extracellular serine/threonine protein CG31145 (Drosophila melanogaster),2.86E-09,8,-0.347153709,0.026333562,-0.484261895,5.53E-05,-0.331946456,0.01209084,NA,NA,NA,NA,NA,NA
TCAL_08850,Similar to ACSL3 Long-chain-fatty-acid--CoA ligase 3 (Homo sapiens),0.001213858,2,1.193484893,0.050303688,1.095408852,0.05488956,1.08629243,0.036725146,NA,NA,NA,NA,NA,NA
TCAL_08873,Similar to slc22a6-a Solute carrier family 22 member 6-A (Xenopus laevis),9.90E-06,6,NA,NA,-0.449082677,0.038441102,-0.545292039,0.003076089,-0.436578636,0.032499702,NA,NA,NA,NA
TCAL_08876,Protein of unknown function,NA,NA,NA,NA,NA,NA,NA,NA,NA,NA,0.215499704,0.096419195,NA,NA
TCAL_08877,Similar to tio Protein tiptop (Drosophila melanogaster),3.77E-06,1,NA,NA,NA,NA,NA,NA,1.181711956,0.003057173,NA,NA,NA,NA
TCAL_08906,Similar to GAL3ST1 Galactosylceramide sulfotransferase (Bos taurus),0.001308609,4,NA,NA,NA,NA,NA,NA,0.458667018,0.076265308,0.619124852,0.006958314,NA,NA
TCAL_08914,Similar to FKBP70 70 kDa peptidyl-prolyl isomerase (Triticum aestivum),NA,NA,NA,NA,NA,NA,NA,NA,1.120454572,0.049095997,NA,NA,NA,NA
TCAL_08927,Similar to MFSD5 Molybdate-anion transporter (Homo sapiens),0.000495619,8,NA,NA,-0.609510585,0.028750414,-0.507175792,0.070651764,NA,NA,NA,NA,NA,NA
TCAL_08930,"Similar to MICU3 Calcium uptake protein 3, mitochondrial (Homo sapiens)",4.02E-07,2,NA,NA,NA,NA,NA,NA,NA,NA,-0.248533743,0.055117538,NA,NA
TCAL_08941,Protein of unknown function,1.46E-05,7,NA,NA,NA,NA,0.478484021,0.049902154,NA,NA,NA,NA,NA,NA
TCAL_08949,Similar to Sb Serine proteinase stubble (Drosophila melanogaster),7.74E-12,2,0.352783452,0.002247111,0.342307577,0.001713981,0.494205476,1.33E-07,NA,NA,-0.551686227,1.78E-09,NA,NA
TCAL_08950,Protein of unknown function,6.24E-11,5,NA,NA,NA,NA,NA,NA,-0.600555679,0.000112505,-0.750224066,2.64E-07,-0.415020538,0.074580975
TCAL_08955,Similar to AHCYL2 Adenosylhomocysteinase 3 (Homo sapiens),4.82E-15,3,0.305648013,0.000211602,0.363946637,8.34E-07,0.427748173,8.03E-10,0.384659582,6.37E-08,NA,NA,NA,NA
TCAL_08956,Similar to SPCC663.09c Uncharacterized oxidoreductase C663.09c (Schizosaccharomyces pombe (strain 972 / ATCC 24843)),2.95E-05,2,NA,NA,NA,NA,NA,NA,NA,NA,-0.213034738,0.061828666,NA,NA
TCAL_08964,Protein of unknown function,1.30E-09,9,NA,NA,-0.480642434,0.083515609,NA,NA,-1.302602758,5.17E-13,-1.224681702,2.06E-11,NA,NA
TCAL_08969,Similar to SFXN2 Sideroflexin-2 (Homo sapiens),0.000108767,2,NA,NA,NA,NA,0.250805551,0.032684051,NA,NA,NA,NA,NA,NA
TCAL_08970,Protein of unknown function,1.77E-12,8,NA,NA,-0.36684681,0.019818426,-0.451027037,0.000898213,-0.590979696,2.75E-06,NA,NA,NA,NA
TCAL_08979,Protein of unknown function,NA,NA,NA,NA,NA,NA,-1.07117016,0.037768968,NA,NA,NA,NA,NA,NA
TCAL_08981,Similar to Soma ferritin (Lymnaea stagnalis),3.12E-11,2,NA,NA,0.335774831,0.00615983,0.609514848,4.07E-10,NA,NA,-0.612973531,3.57E-10,-0.385227486,0.003326208
TCAL_08982,Similar to Soma ferritin (Lymnaea stagnalis),7.73E-20,7,0.515543404,0.004707254,0.719414683,1.21E-06,0.904999964,5.61E-11,1.14837238,7.81E-18,NA,NA,NA,NA
TCAL_08996,Protein of unknown function,NA,NA,NA,NA,NA,NA,NA,NA,NA,NA,0.910193131,0.087372959,NA,NA
TCAL_09007,Protein of unknown function,6.49E-08,2,NA,NA,NA,NA,0.390479464,0.006638456,NA,NA,-0.565014879,8.64E-06,NA,NA
TCAL_09015,Similar to CarT Carcinine transporter (Drosophila melanogaster),0.003354446,9,NA,NA,NA,NA,NA,NA,-0.347262811,0.056404002,-0.397482635,0.022312576,NA,NA
TCAL_09016,Similar to SLC18B1 MFS-type transporter SLC18B1 (Homo sapiens),NA,NA,NA,NA,NA,NA,NA,NA,0.326532979,0.088425241,NA,NA,NA,NA
TCAL_09021,Similar to Acox3 Peroxisomal acyl-coenzyme A oxidase 3 (Mus musculus),0.000762459,2,NA,NA,NA,NA,NA,NA,NA,NA,-0.34887129,0.053244998,NA,NA
TCAL_09026,Similar to vrs-2 Valine--tRNA ligase (Caenorhabditis elegans),6.26E-05,4,NA,NA,NA,NA,NA,NA,NA,NA,NA,NA,NA,NA
TCAL_09027,Similar to Fah Fumarylacetoacetase (Mus musculus),NA,NA,NA,NA,NA,NA,0.260144333,0.050284779,NA,NA,NA,NA,NA,NA
TCAL_09055,Similar to syvn1-b E3 ubiquitin-protein ligase synoviolin B (Xenopus laevis),0.001804963,4,NA,NA,NA,NA,NA,NA,NA,NA,0.283098573,0.016330384,NA,NA
TCAL_09057,Similar to Nphs1 Nephrin (Mus musculus),0.000679859,3,NA,NA,NA,NA,0.625237024,0.002771458,NA,NA,NA,NA,NA,NA
TCAL_09060,transmembrane 178B,0.002030869,7,NA,NA,NA,NA,0.637739064,0.070156156,0.642507351,0.073388144,NA,NA,NA,NA
TCAL_09070,Similar to aos Protein giant-lens (Drosophila melanogaster),6.31E-14,1,NA,NA,NA,NA,NA,NA,0.593231622,1.05E-06,0.333517598,0.030261564,-0.378018002,0.054173139
TCAL_09076,Similar to LRIG1 Leucine-rich repeats and immunoglobulin-like domains protein 1 (Homo sapiens),NA,NA,NA,NA,NA,NA,0.753457897,0.075986258,NA,NA,NA,NA,NA,NA
TCAL_09088,Similar to Sox14 Putative transcription factor SOX-14 (Drosophila melanogaster),NA,NA,NA,NA,NA,NA,NA,NA,NA,NA,0.535086196,0.031157544,NA,NA
TCAL_09106,Similar to CapaR Neuropeptides capa receptor (Drosophila melanogaster),NA,NA,NA,NA,NA,NA,0.622204721,0.010786758,NA,NA,NA,NA,NA,NA
TCAL_09115,Similar to Xbp1 X-box-binding protein 1 (Mus musculus),4.31E-08,4,-1.08034962,0.004554246,-1.31710622,5.59E-05,-1.201909064,0.000203665,NA,NA,NA,NA,NA,NA
TCAL_09117,apolipo L2-like,0.000582169,1,NA,NA,NA,NA,NA,NA,NA,NA,NA,NA,NA,NA
TCAL_09131,BTB POZ domain-containing 6-B-like,1.08E-07,4,NA,NA,-0.54505117,0.038441102,NA,NA,NA,NA,0.672506448,0.002240564,NA,NA
TCAL_09148,Similar to foxf1-b Forkhead box protein F1-B (Xenopus laevis),0.002018957,4,NA,NA,NA,NA,NA,NA,NA,NA,NA,NA,NA,NA
TCAL_09154,Protein of unknown function,1.40E-05,1,NA,NA,NA,NA,NA,NA,NA,NA,NA,NA,NA,NA
TCAL_09156,polycystic kidney disease 1 like 1-,0.000199556,5,NA,NA,NA,NA,NA,NA,NA,NA,NA,NA,-0.389632296,0.037106134
TCAL_09158,Protein of unknown function,NA,NA,NA,NA,-0.845422147,0.073285526,NA,NA,NA,NA,NA,NA,NA,NA
TCAL_09165,Similar to L3MBTL3 Lethal(3)malignant brain tumor-like protein 3 (Homo sapiens),0.000443834,2,NA,NA,NA,NA,0.436367801,0.042935173,NA,NA,NA,NA,NA,NA
TCAL_09168,Protein of unknown function,0.000704795,4,NA,NA,-0.42153418,0.036303824,NA,NA,NA,NA,NA,NA,NA,NA
TCAL_09236,Similar to Parp16 Mono [ADP-ribose] polymerase PARP16 (Rattus norvegicus),0.002688441,2,NA,NA,0.214035711,0.050502898,NA,NA,NA,NA,NA,NA,NA,NA
TCAL_09239,Similar to HPGD 15-hydroxyprostaglandin dehydrogenase [NAD(+)] (Cavia porcellus),NA,NA,NA,NA,NA,NA,-0.318693533,0.075300478,NA,NA,NA,NA,NA,NA
TCAL_09255,Similar to IMPA6 Importin subunit alpha-6 (Arabidopsis thaliana),0.001315484,2,NA,NA,NA,NA,0.377960733,0.024536371,NA,NA,NA,NA,NA,NA
TCAL_09258,cuticle 7-like,NA,NA,NA,NA,2.061365378,0.031397855,NA,NA,NA,NA,NA,NA,NA,NA
TCAL_09270,cuticle -like,NA,NA,NA,NA,NA,NA,NA,NA,2.313636156,0.041239382,2.365136586,0.042899356,NA,NA
TCAL_09280,Similar to GFPT2 Glutamine--fructose-6-phosphate aminotransferase [isomerizing] 2 (Homo sapiens),9.85E-05,5,NA,NA,NA,NA,NA,NA,-0.534984261,0.002012057,-0.439890697,0.028155655,NA,NA
TCAL_09319,pirin-like,5.64E-15,2,0.48288593,3.37E-05,0.512154769,2.81E-06,0.640421141,2.78E-10,NA,NA,-0.565581043,6.03E-08,NA,NA
TCAL_09322,Protein of unknown function,NA,NA,-1.265491042,0.05714424,NA,NA,-1.797626858,0.000260567,NA,NA,1.27517359,0.038769223,NA,NA
TCAL_09330,Protein of unknown function,1.78E-06,8,NA,NA,-0.797593826,0.038441102,NA,NA,-1.181766402,0.000216108,NA,NA,NA,NA
TCAL_09341,Similar to CG8399 Putative ferric-chelate reductase 1 homolog (Drosophila melanogaster),NA,NA,NA,NA,NA,NA,-0.336685498,0.037187426,NA,NA,NA,NA,NA,NA
TCAL_09353,Similar to Unc5c Netrin receptor UNC5C (Rattus norvegicus),0.000194863,1,NA,NA,NA,NA,NA,NA,0.432458996,0.015180314,NA,NA,NA,NA
TCAL_09382,fasciclin-3 isoform X1,NA,NA,NA,NA,NA,NA,0.336208951,0.029267744,NA,NA,NA,NA,NA,NA
TCAL_09391,Protein of unknown function,0.000719852,4,NA,NA,NA,NA,NA,NA,0.67251367,0.010830734,0.557007651,0.067293146,NA,NA
TCAL_09394,Similar to CG8399 Putative ferric-chelate reductase 1 homolog (Drosophila melanogaster),3.29E-07,4,-0.387224512,0.021110272,-0.375000245,0.014018695,-0.517636085,5.18E-05,NA,NA,0.39311515,0.007790996,NA,NA
TCAL_09395,Similar to Samui BAG domain-containing protein Samui (Bombyx mori),9.37E-06,8,-0.303223023,0.07606534,-0.522097042,5.30E-06,NA,NA,-0.391900946,0.001246977,NA,NA,NA,NA
TCAL_09415,Similar to Slc5a6 Sodium-dependent multivitamin transporter (Rattus norvegicus),3.84E-05,5,NA,NA,NA,NA,0.376553558,0.057312744,NA,NA,-0.369933394,0.082134713,-0.434398308,0.085256025
TCAL_09416,Similar to P4HA2 Prolyl 4-hydroxylase subunit alpha-2 (Gallus gallus),NA,NA,NA,NA,-0.617131312,0.016735108,NA,NA,NA,NA,NA,NA,NA,NA
TCAL_09432,Similar to DBP D site-binding protein (Homo sapiens),1.83E-05,6,NA,NA,NA,NA,NA,NA,-0.460989075,0.000215186,-0.341021375,0.022187045,NA,NA
TCAL_09435,Similar to Hex-t2 Hexokinase type 2 (Drosophila melanogaster),NA,NA,NA,NA,NA,NA,0.275379713,0.085150358,NA,NA,NA,NA,NA,NA
TCAL_09442,Similar to PRSS8 Prostasin (Homo sapiens),0.000273641,6,NA,NA,NA,NA,-0.528073158,0.012495179,NA,NA,NA,NA,NA,NA
TCAL_09443,Protein of unknown function,0.000360407,1,NA,NA,NA,NA,NA,NA,0.970352443,0.060862547,NA,NA,NA,NA
TCAL_09446,Protein of unknown function,NA,NA,NA,NA,NA,NA,NA,NA,NA,NA,-0.41345833,0.068487279,NA,NA
TCAL_09455,Similar to dpyd Dihydropyrimidine dehydrogenase [NADP(+)] (Danio rerio),0.000741269,8,NA,NA,NA,NA,NA,NA,-0.35573686,0.014492134,NA,NA,NA,NA
TCAL_09466,nad dependent epimerase dehydratase,1.31E-19,8,NA,NA,-0.626506494,2.63E-10,-0.555800849,1.48E-08,-0.490287167,1.13E-06,NA,NA,0.368742907,0.007100554
TCAL_09468,nad dependent epimerase dehydratase,3.96E-09,9,NA,NA,NA,NA,NA,NA,-0.644472528,2.06E-05,-0.533462377,0.001410221,NA,NA
TCAL_09470,Similar to GRDP2 Glycine-rich domain-containing protein 2 (Arabidopsis thaliana),8.57E-06,6,NA,NA,NA,NA,NA,NA,-0.323745089,0.016663424,NA,NA,NA,NA
TCAL_09476,Protein of unknown function,3.72E-07,1,NA,NA,NA,NA,NA,NA,0.88637782,0.006231781,1.277102315,1.10E-05,NA,NA
TCAL_09482,Similar to Heat shock 70 kDa protein cognate 4 (Manduca sexta),NA,NA,NA,NA,NA,NA,NA,NA,-0.598745393,0.038436147,NA,NA,NA,NA
TCAL_09497,Protein of unknown function,6.86E-12,1,NA,NA,NA,NA,NA,NA,1.441673274,6.88E-06,1.507440578,2.91E-06,NA,NA
TCAL_09498,Protein of unknown function,0.001792183,4,NA,NA,NA,NA,NA,NA,NA,NA,NA,NA,NA,NA
TCAL_09510,Similar to CERK Ceramide kinase (Homo sapiens),NA,NA,NA,NA,NA,NA,NA,NA,0.688916627,0.074932936,NA,NA,NA,NA
TCAL_09514,"Similar to mRpS7 28S ribosomal protein S7, mitochondrial (Drosophila melanogaster)",NA,NA,NA,NA,NA,NA,-0.310382896,0.062155314,NA,NA,NA,NA,NA,NA
TCAL_09517,Similar to FR FMRFamide receptor (Drosophila melanogaster),0.004998581,5,NA,NA,NA,NA,0.400279705,0.08400499,NA,NA,NA,NA,NA,NA
TCAL_09525,Similar to DDB_G0284059 SET and MYND domain-containing protein DDB_G0284059 (Dictyostelium discoideum),0.000737683,1,NA,NA,NA,NA,0.546374319,0.047868065,0.504333223,0.090926821,NA,NA,NA,NA
TCAL_09530,Similar to Tret1 Facilitated trehalose transporter Tret1 (Culex quinquefasciatus),1.83E-10,1,0.436266085,0.016372544,0.545058267,0.000176749,0.415122631,0.008783254,0.72234601,2.07E-08,0.307223379,0.096390498,NA,NA
TCAL_09547,Similar to VDR Vitamin D3 receptor (Gallus gallus),6.58E-08,2,NA,NA,NA,NA,0.524575963,0.011282686,NA,NA,-0.780175763,1.47E-05,NA,NA
TCAL_09565,Protein of unknown function,0.000504614,7,NA,NA,NA,NA,NA,NA,1.44796351,0.089504755,NA,NA,NA,NA
TCAL_09596,Protein of unknown function,1.61E-09,2,NA,NA,0.609094029,0.002865213,0.649463842,0.000654123,NA,NA,-0.744850679,5.65E-05,NA,NA
TCAL_09612,Protein of unknown function,NA,NA,NA,NA,NA,NA,0.240009619,0.07754115,NA,NA,NA,NA,NA,NA
TCAL_09614,Similar to sup-9 Two pore potassium channel protein sup-9 (Caenorhabditis elegans),9.03E-05,2,NA,NA,NA,NA,NA,NA,NA,NA,-0.619615559,0.022878696,NA,NA
TCAL_09622,Similar to Csad Cysteine sulfinic acid decarboxylase (Rattus norvegicus),0.001408865,1,NA,NA,NA,NA,NA,NA,NA,NA,NA,NA,NA,NA
TCAL_09634,Similar to CD63 CD63 antigen (Bos taurus),NA,NA,NA,NA,NA,NA,0.231242721,0.093844443,NA,NA,NA,NA,NA,NA
TCAL_09642,Protein of unknown function,3.65E-08,1,NA,NA,NA,NA,NA,NA,0.509954115,0.001246977,NA,NA,NA,NA
TCAL_09651,Protein of unknown function,5.35E-07,9,NA,NA,NA,NA,NA,NA,-1.097539835,1.93E-07,-1.000510585,4.70E-06,NA,NA
TCAL_09654,Similar to WIPI2 WD repeat domain phosphoinositide-interacting protein 2 (Gallus gallus),NA,NA,NA,NA,NA,NA,NA,NA,-0.277497814,0.075651478,-0.321935879,0.030261564,NA,NA
TCAL_09655,Similar to XKR4 XK-related protein 4 (Homo sapiens),3.83E-07,2,NA,NA,NA,NA,0.35020956,0.035702753,NA,NA,-0.530777382,0.00020159,NA,NA
TCAL_09656,Similar to VPS13A Vacuolar protein sorting-associated protein 13A (Homo sapiens),0.001186886,3,0.635381474,0.096742722,0.67497953,0.030863512,0.764331725,0.005464014,0.55129517,0.096488541,NA,NA,NA,NA
TCAL_09657,Similar to TSEN2 tRNA-splicing endonuclease subunit Sen2 (Gallus gallus),7.75E-06,3,NA,NA,0.763714498,0.0022557,0.837297291,0.00028551,NA,NA,NA,NA,NA,NA
TCAL_09671,Similar to dapF Diaminopimelate epimerase (Psychrobacter sp. (strain PRwf-1)),0.000110686,6,NA,NA,NA,NA,-0.58318717,0.010568462,-0.640970459,0.003447336,NA,NA,NA,NA
TCAL_09672,Similar to FAM214A Protein FAM214A (Gallus gallus),9.95E-06,4,NA,NA,NA,NA,NA,NA,0.187428971,0.050376318,0.186982853,0.061465317,NA,NA
TCAL_09673,Similar to PGAM2 Phosphoglycerate mutase 2 (Homo sapiens),NA,NA,NA,NA,NA,NA,0.397876379,0.092673838,NA,NA,NA,NA,NA,NA
TCAL_09678,Similar to NAGK N-acetyl-D-glucosamine kinase (Homo sapiens),4.80E-05,1,NA,NA,NA,NA,NA,NA,0.296880873,0.079790544,0.323479349,0.054542026,NA,NA
TCAL_09683,Similar to CML11 Calmodulin-like protein 11 (Arabidopsis thaliana),NA,NA,NA,NA,-0.335822784,0.077016744,NA,NA,NA,NA,NA,NA,NA,NA
TCAL_09685,Similar to glt1 Putative glutamate synthase [NADPH] (Schizosaccharomyces pombe (strain 972 / ATCC 24843)),NA,NA,NA,NA,NA,NA,0.237693281,0.066172229,NA,NA,NA,NA,NA,NA
TCAL_09691,Similar to Trypsin II-P29 (Gallus gallus),1.99E-05,6,-0.565611092,0.048270669,-0.698842065,0.001745636,-0.572776271,0.01342928,NA,NA,NA,NA,NA,NA
TCAL_09692,"Similar to ES1 protein homolog, mitochondrial (Rattus norvegicus)",0.0001288,2,0.557375776,0.046368601,0.558961492,0.022165146,0.577549234,0.010559595,NA,NA,NA,NA,NA,NA
TCAL_09693,Similar to SPCC1494.01 UPF0676 protein C1494.01 (Schizosaccharomyces pombe (strain 972 / ATCC 24843)),1.88E-22,2,0.568049738,4.16E-06,0.665362506,4.49E-09,0.807322578,4.30E-14,NA,NA,-0.762786496,1.81E-12,NA,NA
TCAL_09696,Similar to Pal2 Peptidyl-alpha-hydroxyglycine alpha-amidating lyase 2 (Drosophila melanogaster),NA,NA,NA,NA,NA,NA,0.339337924,0.018169526,NA,NA,NA,NA,NA,NA
TCAL_09698,Similar to mbl Protein muscleblind (Drosophila melanogaster),NA,NA,NA,NA,NA,NA,-0.443428563,0.006998736,NA,NA,0.376239873,0.044987854,NA,NA
TCAL_09700,Similar to ENGASE Cytosolic endo-beta-N-acetylglucosaminidase (Homo sapiens),0.000129752,6,NA,NA,NA,NA,NA,NA,NA,NA,-0.254348417,0.037022324,NA,NA
TCAL_09703,Protein of unknown function,NA,NA,NA,NA,1.910708116,0.043910128,NA,NA,NA,NA,NA,NA,NA,NA
TCAL_09704,Similar to ANO10 Anoctamin-10 (Homo sapiens),8.56E-08,2,NA,NA,0.483710775,0.01550052,NA,NA,NA,NA,-0.387488863,0.086952183,NA,NA
TCAL_09710,Similar to amt-1 Putative ammonium transporter 1 (Caenorhabditis elegans),2.66E-10,8,NA,NA,-0.749861812,0.000368304,-0.76547072,0.000148276,-0.894368627,3.73E-06,NA,NA,0.597678993,0.037513437
TCAL_09712,Similar to Glipr2 Golgi-associated plant pathogenesis-related protein 1 (Mus musculus),NA,NA,NA,NA,NA,NA,-0.426486701,0.097865697,-0.465590472,0.060854159,NA,NA,NA,NA
TCAL_09713,Similar to SNTG1 Gamma-1-syntrophin (Homo sapiens),0.000130837,7,NA,NA,NA,NA,0.376338965,0.069301802,NA,NA,NA,NA,-0.467923093,0.059773117
TCAL_09716,Similar to oxlT Oxalate:formate antiporter (Oxalobacter formigenes),1.74E-19,8,NA,NA,-0.424841556,0.000350583,-0.428106821,0.000177667,-0.760484887,1.86E-13,-0.332378066,0.019108942,NA,NA
TCAL_09724,Similar to ccdc149 Coiled-coil domain-containing protein 149 (Xenopus laevis),0.000138324,9,NA,NA,NA,NA,NA,NA,NA,NA,-0.941343476,0.016330384,NA,NA
TCAL_09729,Similar to slc39a1 Zinc transporter ZIP1 (Danio rerio),0.000199416,7,NA,NA,NA,NA,NA,NA,0.240088993,0.063670539,NA,NA,NA,NA
TCAL_09738,Similar to mcm4-b DNA replication licensing factor mcm4-B (Xenopus laevis),NA,NA,NA,NA,NA,NA,NA,NA,NA,NA,0.305989134,0.093193398,NA,NA
TCAL_09761,Protein of unknown function,0.000181746,9,NA,NA,NA,NA,NA,NA,-0.329802005,0.062719951,-0.34127493,0.058346863,NA,NA
TCAL_09764,Protein of unknown function,0.003814779,5,NA,NA,NA,NA,NA,NA,NA,NA,NA,NA,NA,NA
TCAL_09780,Similar to KCNK6 Potassium channel subfamily K member 6 (Homo sapiens),0.001376043,6,NA,NA,NA,NA,NA,NA,-0.402845682,0.020435933,NA,NA,NA,NA
TCAL_09781,Similar to KLHL12 Kelch-like protein 12 (Homo sapiens),0.000499937,6,NA,NA,NA,NA,-0.330712629,0.054352173,-0.389667316,0.01449518,NA,NA,NA,NA
TCAL_09783,Similar to (S)-coclaurine N-methyltransferase (Thalictrum flavum subsp. glaucum),5.56E-08,6,NA,NA,-0.320400639,0.005383852,-0.345986152,0.001164433,-0.377800626,0.000222303,NA,NA,NA,NA
TCAL_09793,Similar to TMEM68 Transmembrane protein 68 (Bos taurus),0.000800082,2,NA,NA,NA,NA,0.223608731,0.030338145,NA,NA,NA,NA,NA,NA
TCAL_09805,Similar to slc46a1 Proton-coupled folate transporter (Danio rerio),NA,NA,NA,NA,NA,NA,0.494633543,0.03472311,NA,NA,NA,NA,NA,NA
TCAL_09826,Protein of unknown function,0.004132997,5,NA,NA,NA,NA,NA,NA,NA,NA,NA,NA,NA,NA
TCAL_09848,Similar to NAV2 Neuron navigator 2 (Homo sapiens),2.08E-07,2,NA,NA,NA,NA,0.688953549,7.37E-05,NA,NA,-0.55849881,0.003453431,-0.639377443,0.002670254
TCAL_09874,Similar to agmo Alkylglycerol monooxygenase (Xenopus tropicalis),6.27E-22,8,NA,NA,-0.457786848,0.00102617,-0.550555776,1.34E-05,-0.908077084,7.45E-15,-0.357521308,0.030338417,0.409199806,0.021081746
TCAL_09880,Similar to CG32795 Transmembrane protein 120 homolog (Drosophila melanogaster),0.001700228,2,NA,NA,NA,NA,NA,NA,NA,NA,NA,NA,NA,NA
TCAL_09890,Similar to clpX ATP-dependent Clp protease ATP-binding subunit ClpX (Cupriavidus necator (strain JMP 134 / LMG 1197)),5.59E-47,8,-0.767042498,1.29E-06,-1.529119007,3.57E-27,-1.315419342,6.31E-21,-2.429922417,2.53E-60,-1.114503075,1.89E-11,0.548376845,0.011427781
TCAL_09910,Similar to PAT23 Probable protein S-acyltransferase 23 (Arabidopsis thaliana),NA,NA,NA,NA,NA,NA,NA,NA,NA,NA,-0.360957492,0.039623874,NA,NA
TCAL_09912,Similar to Aplip1 JNK-interacting protein 1 (Drosophila melanogaster),6.22E-05,7,NA,NA,NA,NA,0.277490782,0.054364194,NA,NA,NA,NA,-0.311671205,0.095431863
TCAL_09919,"Similar to xynB Endo-1,4-beta-xylanase B (Neocallimastix patriciarum)",7.69E-05,1,NA,NA,NA,NA,NA,NA,NA,NA,1.584623197,0.003466921,NA,NA
TCAL_09920,Protein of unknown function,NA,NA,NA,NA,NA,NA,NA,NA,NA,NA,1.234457864,0.052174978,NA,NA
TCAL_09931,Similar to FAIM Fas apoptotic inhibitory molecule 1 (Bos taurus),0.00055225,5,NA,NA,NA,NA,0.460256917,0.050955299,NA,NA,NA,NA,-0.546742658,0.055738135
TCAL_09961,nephrin isoform X2,2.27E-07,9,NA,NA,NA,NA,NA,NA,-0.658310416,0.003738762,-0.974621065,5.64E-07,NA,NA
TCAL_09973,Similar to CYP2G1 Cytochrome P450 2G1 (Oryctolagus cuniculus),NA,NA,NA,NA,NA,NA,NA,NA,0.477808488,0.026250031,NA,NA,NA,NA
TCAL_09977,Protein of unknown function,3.21E-15,1,0.294802056,0.066842771,0.536628983,4.69E-07,0.581315111,1.34E-08,0.584613339,9.88E-09,NA,NA,NA,NA
TCAL_09981,"Similar to PC Pyruvate carboxylase, mitochondrial (Homo sapiens)",2.51E-08,1,NA,NA,0.266149244,0.008715377,0.302124787,0.000953579,0.309761872,0.000556259,NA,NA,NA,NA
TCAL_10003,Similar to Calpain (Schistosoma mansoni),0.001065643,2,NA,NA,NA,NA,0.213067898,0.032380872,NA,NA,NA,NA,NA,NA
TCAL_10011,Similar to Mitf Microphthalmia-associated transcription factor (Rattus norvegicus),0.000415762,6,NA,NA,-0.36184262,0.099989531,NA,NA,-0.409832462,0.027093459,NA,NA,NA,NA
TCAL_10020,Similar to Cyp18a1 Cytochrome P450 18a1 (Drosophila melanogaster),2.02E-08,1,NA,NA,NA,NA,NA,NA,NA,NA,0.990701892,0.000125561,NA,NA
TCAL_10021,Similar to Ptp99A Tyrosine-protein phosphatase 99A (Drosophila melanogaster),0.000331454,2,NA,NA,NA,NA,NA,NA,NA,NA,-0.298799746,0.010506323,NA,NA
TCAL_10027,Similar to Venom carboxylesterase-6 (Apis mellifera),NA,NA,NA,NA,NA,NA,0.242378338,0.085952704,NA,NA,NA,NA,NA,NA
TCAL_10032,golgin subfamily B member 1,0.000437943,4,NA,NA,NA,NA,-0.337700092,0.016022707,NA,NA,0.406225353,0.002154774,NA,NA
TCAL_10080,Protein of unknown function,0.008155344,4,NA,NA,NA,NA,NA,NA,NA,NA,NA,NA,NA,NA
TCAL_10081,Similar to sip-1 Stress-induced protein 1 (Caenorhabditis elegans),2.63E-11,2,1.14074757,0.008857323,1.225118723,0.001371847,2.473341734,9.80E-16,0.971019163,0.017074829,-1.502322571,9.46E-06,-1.332594164,0.001143084
TCAL_10087,Similar to Ablim1 Actin-binding LIM protein 1 (Mus musculus),0.004235451,5,NA,NA,NA,NA,0.373349032,0.031354755,NA,NA,NA,NA,NA,NA
TCAL_10091,Similar to Mecp2 Methyl-CpG-binding protein 2 (Rattus norvegicus),2.25E-22,2,NA,NA,0.247331327,0.001613682,0.182309245,0.034339726,-0.224242883,0.005035521,-0.406552128,8.76E-10,NA,NA
TCAL_10094,Similar to DCL4 Dicer-like protein 4 (Arabidopsis thaliana),NA,NA,NA,NA,NA,NA,-0.383247577,0.021794765,NA,NA,NA,NA,NA,NA
TCAL_10104,Protein of unknown function,NA,NA,NA,NA,NA,NA,NA,NA,0.936980535,0.074932936,0.916159346,0.095204676,NA,NA
TCAL_10115,Similar to Grwd1 Glutamate-rich WD repeat-containing protein 1 (Mus musculus),NA,NA,NA,NA,NA,NA,-0.191127842,0.090400992,NA,NA,NA,NA,NA,NA
TCAL_10132,Protein of unknown function,NA,NA,NA,NA,NA,NA,-0.466670752,0.070365649,NA,NA,NA,NA,NA,NA
TCAL_10150,Similar to ETS2 Protein C-ets-2 (Bos taurus),8.68E-07,1,NA,NA,NA,NA,NA,NA,0.742738308,0.000332497,0.620403508,0.006557172,NA,NA
TCAL_10154,Similar to Cyp4c3 Cytochrome P450 4c3 (Drosophila melanogaster),6.13E-06,8,NA,NA,-0.352158325,0.096077161,-0.480447403,0.003471129,-0.346149789,0.075796737,NA,NA,0.432568523,0.055738135
TCAL_10170,Protein of unknown function,6.66E-14,5,-0.491982698,0.017288669,NA,NA,NA,NA,-0.752683426,1.34E-06,-0.673681059,3.92E-05,NA,NA
TCAL_10176,Similar to TACR2 Substance-K receptor (Canis lupus familiaris),2.97E-12,5,-0.579728687,0.096046106,NA,NA,NA,NA,-0.885513794,0.000165871,-1.058088472,1.81E-06,-0.752303365,0.008631565
TCAL_10197,Similar to SYNCRIP Heterogeneous nuclear ribonucleoprotein Q (Homo sapiens),0.005499485,5,NA,NA,NA,NA,NA,NA,NA,NA,-0.15802929,0.08516758,NA,NA
TCAL_10213,Protein of unknown function,0.001224875,1,NA,NA,NA,NA,NA,NA,NA,NA,NA,NA,NA,NA
TCAL_10215,Similar to fahd2 Fumarylacetoacetate hydrolase domain-containing protein 2 (Xenopus laevis),1.36E-05,6,NA,NA,-0.34335248,0.00615983,-0.293248973,0.021264381,-0.285321822,0.028378932,NA,NA,NA,NA
TCAL_10217,Similar to SamDC S-adenosylmethionine decarboxylase proenzyme (Drosophila melanogaster),9.89E-10,9,NA,NA,NA,NA,NA,NA,-0.728165107,4.29E-09,-0.714924277,1.04E-08,NA,NA
TCAL_10218,Similar to NFE2L1 Nuclear factor erythroid 2-related factor 1 (Gallus gallus),0.001470601,6,NA,NA,NA,NA,-0.438740785,0.022446043,NA,NA,NA,NA,NA,NA
TCAL_10223,Protein of unknown function,0.000698248,8,NA,NA,NA,NA,-0.939588808,0.04847294,NA,NA,NA,NA,NA,NA
TCAL_10232,Similar to AQP10 Aquaporin-10 (Milnesium tardigradum),0.001156178,9,NA,NA,NA,NA,NA,NA,-0.341021029,0.019561834,-0.370618937,0.011049532,NA,NA
TCAL_10251,Similar to MAPKKK5 Mitogen-activated protein kinase kinase kinase 5 (Arabidopsis thaliana),4.23E-05,6,NA,NA,NA,NA,NA,NA,-0.362372596,0.001059916,NA,NA,NA,NA
TCAL_10255,Similar to Morn1 MORN repeat-containing protein 1 (Rattus norvegicus),NA,NA,NA,NA,NA,NA,NA,NA,-0.260556932,0.065192731,NA,NA,NA,NA
TCAL_10257,Protein of unknown function,3.33E-05,5,NA,NA,0.90863171,0.047145328,0.880229485,0.038441576,NA,NA,NA,NA,NA,NA
TCAL_10264,Similar to SLC40A1 Solute carrier family 40 member 1 (Homo sapiens),2.52E-05,8,NA,NA,NA,NA,NA,NA,-0.576885606,0.000314635,-0.473586087,0.009306685,NA,NA
TCAL_10270,Similar to Lrmda Leucine-rich melanocyte differentiation-associated protein (Mus musculus),NA,NA,NA,NA,NA,NA,0.67196349,0.071425066,NA,NA,NA,NA,NA,NA
TCAL_10291,solute carrier family 35 member G1,8.39E-09,2,NA,NA,NA,NA,NA,NA,NA,NA,-1.068693251,0.011392082,NA,NA
TCAL_10328,Similar to PHYHD1 Phytanoyl-CoA dioxygenase domain-containing protein 1 (Homo sapiens),2.61E-08,7,NA,NA,0.480283419,0.095313683,0.608137217,0.007745268,0.787065588,0.000103432,NA,NA,NA,NA
TCAL_10329,Similar to Glutamine synthetase (Panulirus argus),2.23E-09,7,0.3074516,0.078982636,0.379121092,0.004325281,0.504159806,1.17E-05,0.527478295,2.85E-06,NA,NA,NA,NA
TCAL_10332,"Similar to Sarcoplasmic calcium-binding proteins II, V, VI, and VII (Branchiostoma lanceolatum)",1.80E-05,2,NA,NA,0.201279604,0.06381826,0.258142831,0.003424564,NA,NA,-0.192149534,0.073771912,NA,NA
TCAL_10333,Similar to Pex12 Peroxisome assembly protein 12 (Mus musculus),2.72E-05,5,NA,NA,NA,NA,NA,NA,NA,NA,-0.661120183,0.004313859,NA,NA
TCAL_10334,Similar to SNAPC3 snRNA-activating protein complex subunit 3 (Macaca fascicularis),4.09E-05,2,0.44893183,0.019778232,NA,NA,NA,NA,NA,NA,NA,NA,NA,NA
TCAL_10335,Similar to Rop Protein ROP (Drosophila melanogaster),NA,NA,NA,NA,NA,NA,0.38368755,0.017635961,NA,NA,NA,NA,NA,NA
TCAL_10336,Similar to Venom serine protease Bi-VSP (Bombus ignitus),9.53E-10,2,NA,NA,0.311276695,0.002539064,0.425781276,1.67E-06,NA,NA,-0.302843592,0.002983085,NA,NA
TCAL_10339,Similar to Ggt1 Glutathione hydrolase 1 proenzyme (Rattus norvegicus),0.000200599,8,NA,NA,NA,NA,NA,NA,-0.264495223,0.06906063,NA,NA,NA,NA
TCAL_10349,Protein of unknown function,2.23E-12,2,NA,NA,NA,NA,0.516235581,0.000518395,NA,NA,-0.737617306,7.83E-08,-0.514429147,0.003983145
TCAL_10367,Similar to Tret1 Facilitated trehalose transporter Tret1 (Bombyx mori),1.81E-06,4,-0.543760453,0.048270669,-0.499397875,0.047673513,-0.623626496,0.00311041,NA,NA,0.576166948,0.011286977,NA,NA
TCAL_10385,Similar to pyx Transient receptor potential channel pyrexia (Drosophila melanogaster),0.000264905,4,NA,NA,NA,NA,NA,NA,NA,NA,NA,NA,NA,NA
TCAL_10392,Similar to Snx25 Sorting nexin-25 (Mus musculus),0.000354381,7,NA,NA,NA,NA,0.30032545,0.070973217,0.33473979,0.034920361,NA,NA,NA,NA
TCAL_10393,Similar to ITPKA Inositol-trisphosphate 3-kinase A (Homo sapiens),0.001227189,7,NA,NA,NA,NA,NA,NA,NA,NA,NA,NA,-0.376154531,0.065821177
TCAL_10397,Similar to SOX2 Transcription factor SOX-2 (Gallus gallus),6.36E-05,7,NA,NA,NA,NA,NA,NA,0.388060674,0.078398386,NA,NA,NA,NA
TCAL_10406,Protein of unknown function,0.001380076,2,0.283170613,0.062759186,NA,NA,0.435277429,1.59E-05,NA,NA,-0.33169137,0.003380741,NA,NA
TCAL_10412,Similar to Calmodulin (Chlamydomonas reinhardtii),0.000346493,6,NA,NA,NA,NA,-0.366169604,0.003207308,NA,NA,NA,NA,NA,NA
TCAL_10425,Similar to PDSS1 Decaprenyl-diphosphate synthase subunit 1 (Homo sapiens),0.002103178,4,NA,NA,NA,NA,-0.746986856,0.023175235,NA,NA,0.6686955,0.071497703,NA,NA
TCAL_10492,Protein of unknown function,1.11E-07,2,0.320890785,0.039893312,NA,NA,0.544457939,3.29E-07,NA,NA,-0.6616009,1.20E-10,NA,NA
TCAL_10495,Similar to Double-stranded RNA-binding protein Staufen homolog (Aplysia californica),0.002222368,6,NA,NA,NA,NA,-1.386739812,0.029588731,NA,NA,1.849590332,0.000755891,1.818332975,0.005416758
TCAL_10497,Similar to PPP5C Serine/threonine-protein phosphatase 5 (Homo sapiens),2.04E-08,7,NA,NA,NA,NA,0.687935748,0.008427127,0.874989462,0.000176849,NA,NA,NA,NA
TCAL_10506,Protein of unknown function,NA,NA,NA,NA,NA,NA,NA,NA,-0.988537974,0.09968122,NA,NA,NA,NA
TCAL_10507,Similar to Mcfd2 Multiple coagulation factor deficiency protein 2 homolog (Rattus norvegicus),1.04E-05,8,NA,NA,NA,NA,-0.489936092,0.001368258,-0.391132663,0.019704279,NA,NA,NA,NA
TCAL_10526,Protein of unknown function,0.004214719,5,NA,NA,NA,NA,NA,NA,NA,NA,-0.404811405,0.028144438,NA,NA
TCAL_10530,Similar to Srp19 Signal recognition particle 19 kDa protein (Drosophila melanogaster),NA,NA,NA,NA,NA,NA,-0.184816872,0.090410593,NA,NA,NA,NA,NA,NA
TCAL_10541,Similar to MARF1 Meiosis regulator and mRNA stability factor 1 (Bos taurus),0.000233215,2,NA,NA,NA,NA,NA,NA,-0.251283186,0.089642849,-0.270544022,0.065574385,NA,NA
TCAL_10543,Similar to amt-1 Putative ammonium transporter 1 (Caenorhabditis elegans),2.58E-06,6,NA,NA,-0.426487968,0.017736397,-0.366284786,0.041805672,-0.578671881,0.00012097,NA,NA,NA,NA
TCAL_10547,Similar to endou Poly(U)-specific endoribonuclease (Paralichthys olivaceus),2.87E-08,8,NA,NA,-0.222031147,0.044057041,-0.31138541,0.000390577,-0.317103843,0.000251632,NA,NA,NA,NA
TCAL_10581,Similar to acr-16 Acetylcholine receptor subunit alpha-type acr-16 (Caenorhabditis elegans),4.94E-13,7,0.422563407,0.015074097,0.564979318,3.97E-05,0.707220271,1.71E-08,0.704714849,1.84E-08,NA,NA,NA,NA
TCAL_10587,Similar to rab13 Ras-related protein Rab-13 (Danio rerio),4.13E-06,2,NA,NA,NA,NA,0.422437665,0.006056674,NA,NA,NA,NA,NA,NA
TCAL_10608,Similar to AKR1A1 Alcohol dehydrogenase [NADP(+)] (Bos taurus),0.000104006,8,NA,NA,NA,NA,NA,NA,-0.548329316,0.003189132,NA,NA,NA,NA
TCAL_10611,Similar to Chymotrypsin BI (Litopenaeus vannamei),NA,NA,NA,NA,NA,NA,NA,NA,-0.228258113,0.076704994,NA,NA,NA,NA
TCAL_10612,Similar to Chymotrypsin BII (Litopenaeus vannamei),4.01E-10,8,NA,NA,NA,NA,-0.300627199,0.005641368,-0.435853372,3.43E-06,NA,NA,NA,NA
TCAL_10614,Similar to HEXDC Hexosaminidase D (Homo sapiens),0.000898622,2,NA,NA,NA,NA,NA,NA,NA,NA,NA,NA,NA,NA
TCAL_10617,zinc finger ush isoform X3,2.50E-06,1,NA,NA,NA,NA,0.408273321,0.027807044,0.365090532,0.072063243,NA,NA,-0.460119532,0.049398059
TCAL_10619,Similar to SLC30A9 Zinc transporter 9 (Homo sapiens),0.000312915,2,NA,NA,NA,NA,NA,NA,NA,NA,NA,NA,NA,NA
TCAL_10621,Similar to SNRK SNF-related serine/threonine-protein kinase (Homo sapiens),2.68E-08,7,NA,NA,NA,NA,0.193260474,0.004396421,NA,NA,NA,NA,-0.165299532,0.095431863
TCAL_10650,Similar to nrxn1a Neurexin-1a (Danio rerio),0.001508659,3,NA,NA,NA,NA,0.445884663,0.013242468,NA,NA,-0.366310602,0.080247741,-0.425104441,0.090394981
TCAL_10651,Similar to litaf Lipopolysaccharide-induced tumor necrosis factor-alpha factor homolog (Xenopus tropicalis),1.22E-10,2,NA,NA,0.276817427,0.073371779,0.420550268,0.000300236,NA,NA,-0.616150439,4.72E-09,NA,NA
TCAL_10665,Similar to EHD1 EH domain-containing protein 1 (Arabidopsis thaliana),NA,NA,NA,NA,NA,NA,NA,NA,NA,NA,0.276722894,0.094404162,NA,NA
TCAL_10671,Similar to Serine protease inhibitor dipetalogastin (Fragment) (Dipetalogaster maximus),4.29E-23,2,0.796006744,3.76E-10,0.74826905,2.35E-09,1.052073849,2.36E-19,NA,NA,-1.310487531,4.78E-30,NA,NA
TCAL_10674,Protein of unknown function,7.25E-09,4,NA,NA,NA,NA,-1.23284133,5.40E-05,0.639682528,0.081949299,1.872523859,5.69E-12,1.066608613,0.006220263
TCAL_10676,Similar to VWA5A von Willebrand factor A domain-containing protein 5A (Homo sapiens),NA,NA,NA,NA,NA,NA,NA,NA,NA,NA,0.284131836,0.044702342,NA,NA
TCAL_10683,Protein of unknown function,3.44E-05,2,NA,NA,0.734891013,0.083148837,1.015067851,0.001642194,NA,NA,-0.828696964,0.021264356,NA,NA
TCAL_10695,Similar to tsl Torso-like protein (Drosophila melanogaster),NA,NA,NA,NA,1.585233901,0.034634141,NA,NA,NA,NA,NA,NA,NA,NA
TCAL_10703,Protein of unknown function,NA,NA,NA,NA,-0.385688959,0.061927406,NA,NA,NA,NA,NA,NA,NA,NA
TCAL_10716,Protein of unknown function,3.90E-05,1,NA,NA,NA,NA,NA,NA,NA,NA,NA,NA,NA,NA
TCAL_10724,Similar to DDO D-aspartate oxidase (Bos taurus),NA,NA,NA,NA,NA,NA,0.243189016,0.0851217,NA,NA,NA,NA,NA,NA
TCAL_10736,Similar to Cnot3 CCR4-NOT transcription complex subunit 3 (Mus musculus),0.001418679,2,NA,NA,NA,NA,NA,NA,NA,NA,-0.200486622,0.073570984,NA,NA
TCAL_10744,Similar to Dll Homeotic protein distal-less (Drosophila melanogaster),4.11E-11,4,NA,NA,NA,NA,-1.507956102,4.71E-06,0.747993729,0.033721552,2.255949831,2.08E-14,1.39534105,0.00036238
TCAL_10767,Similar to NR1I3 Nuclear receptor subfamily 1 group I member 3 (Callorhinus ursinus),6.73E-08,8,-0.947750152,0.00049867,-1.144199729,2.18E-06,-0.715871871,0.01048079,-0.87743686,0.000563318,NA,NA,NA,NA
TCAL_10768,Similar to Trypsin-1 (Astacus astacus),8.85E-07,6,NA,NA,NA,NA,-0.353350051,0.00928309,-0.48106344,5.27E-05,NA,NA,NA,NA
TCAL_10785,Similar to Smyd4 SET and MYND domain-containing protein 4 (Mus musculus),NA,NA,NA,NA,-1.513672536,0.077941273,NA,NA,NA,NA,NA,NA,NA,NA
TCAL_10797,Similar to Pineal opsin (Petromyzon marinus),2.52E-08,8,NA,NA,NA,NA,NA,NA,-0.540096675,1.42E-05,-0.361671811,0.01923182,NA,NA
TCAL_10822,Protein of unknown function,9.58E-05,1,NA,NA,NA,NA,NA,NA,NA,NA,NA,NA,NA,NA
TCAL_10841,Similar to SBSPON Somatomedin-B and thrombospondin type-1 domain-containing protein (Bos taurus),0.005609082,4,NA,NA,NA,NA,NA,NA,NA,NA,NA,NA,NA,NA
TCAL_10843,Similar to Fbxl14 F-box/LRR-repeat protein 14 (Mus musculus),1.11E-09,1,NA,NA,NA,NA,NA,NA,0.734416572,0.000249478,0.836421247,2.16E-05,NA,NA
TCAL_10844,Similar to Fbxl14 F-box/LRR-repeat protein 14 (Mus musculus),2.97E-07,1,NA,NA,NA,NA,NA,NA,0.490765989,0.008791197,0.441375861,0.032372171,NA,NA
TCAL_10845,Similar to cher Filamin-A (Drosophila melanogaster),0.000866479,4,NA,NA,NA,NA,NA,NA,NA,NA,NA,NA,NA,NA
TCAL_10848,"Similar to msta Protein msta, isoform A (Drosophila melanogaster)",NA,NA,NA,NA,NA,NA,NA,NA,0.732934264,0.0632415,NA,NA,NA,NA
TCAL_10859,Similar to SEC14L4 SEC14-like protein 4 (Homo sapiens),0.000772398,8,NA,NA,NA,NA,NA,NA,-0.764410342,0.060854159,NA,NA,NA,NA
TCAL_10869,Protein of unknown function,NA,NA,NA,NA,NA,NA,0.405234387,0.066310629,NA,NA,-0.451567557,0.039623874,NA,NA
TCAL_10876,Protein of unknown function,0.000509207,8,NA,NA,NA,NA,-0.240970128,0.021264381,NA,NA,NA,NA,NA,NA
TCAL_10877,Protein of unknown function,9.58E-05,1,NA,NA,NA,NA,NA,NA,0.350263464,0.007352492,NA,NA,NA,NA
TCAL_10896,Similar to mew Integrin alpha-PS1 (Drosophila melanogaster),0.000528881,4,NA,NA,-0.379404017,0.059642308,NA,NA,NA,NA,NA,NA,NA,NA
TCAL_10908,Similar to Carboxypeptidase B (Astacus astacus),4.33E-13,8,NA,NA,-0.256463733,0.007908749,-0.266788076,0.003164133,-0.437149697,1.50E-08,NA,NA,NA,NA
TCAL_10931,Protein of unknown function,3.20E-08,7,NA,NA,NA,NA,0.325912218,5.24E-05,0.343113868,1.32E-05,NA,NA,NA,NA
TCAL_10934,Similar to CYP15A1 Methyl farnesoate epoxidase (Diploptera punctata),1.33E-06,6,NA,NA,-0.854952988,0.009287706,-1.07558209,0.000184419,-0.966489965,0.001084015,NA,NA,NA,NA
TCAL_10939,Similar to Calmodulin (Plasmodium falciparum),7.62E-05,8,NA,NA,NA,NA,-0.561264068,0.077588363,-0.645180532,0.032643003,NA,NA,NA,NA
TCAL_10942,Similar to Uncharacterized protein C2orf42 homolog (Mus musculus),2.22E-05,6,NA,NA,NA,NA,-0.290451851,0.057991512,-0.301667515,0.049873,NA,NA,NA,NA
TCAL_10967,Similar to Trpv5 Transient receptor potential cation channel subfamily V member 5 (Rattus norvegicus),5.76E-05,2,NA,NA,NA,NA,NA,NA,NA,NA,NA,NA,NA,NA
TCAL_10973,Similar to ACSL4 Long-chain-fatty-acid--CoA ligase 4 (Homo sapiens),4.00E-05,2,NA,NA,0.434918294,0.011096105,0.448063244,0.00534221,NA,NA,NA,NA,NA,NA
TCAL_10996,Similar to GALNT1 Polypeptide N-acetylgalactosaminyltransferase 1 (Sus scrofa),0.001676905,4,NA,NA,NA,NA,NA,NA,0.67543842,0.033670635,NA,NA,NA,NA
TCAL_11000,"Similar to aldh4a1 Delta-1-pyrroline-5-carboxylate dehydrogenase, mitochondrial (Danio rerio)",0.000583281,5,NA,NA,NA,NA,0.260283562,0.015524714,NA,NA,-0.230813076,0.055742596,-0.257094513,0.072282652
TCAL_11003,Similar to Ros1 Proto-oncogene tyrosine-protein kinase ROS (Rattus norvegicus),0.001429958,4,NA,NA,-0.448733539,0.091050931,NA,NA,NA,NA,NA,NA,NA,NA
TCAL_11006,Similar to nrv2 Sodium/potassium-transporting ATPase subunit beta-2 (Drosophila melanogaster),2.00E-06,8,NA,NA,NA,NA,NA,NA,-0.632084516,0.000651961,NA,NA,NA,NA
TCAL_11019,Similar to kay Transcription factor kayak (Drosophila sechellia),1.13E-05,8,-0.845912512,0.000537929,-0.742980924,0.002317155,-0.653524438,0.008427127,-0.682558738,0.004741516,NA,NA,NA,NA
TCAL_11020,Similar to spartin Protein spartin (Drosophila melanogaster),0.000600442,6,NA,NA,NA,NA,-0.182540964,0.066240797,NA,NA,NA,NA,NA,NA
TCAL_11022,guanylate cyclase,0.001181831,5,NA,NA,NA,NA,NA,NA,NA,NA,NA,NA,NA,NA
TCAL_11027,Similar to xyl1 Probable NAD(P)H-dependent D-xylose reductase xyl1 (Arthroderma otae (strain ATCC MYA-4605 / CBS 113480)),4.35E-07,2,NA,NA,NA,NA,0.418361206,0.000225852,NA,NA,-0.435951126,0.00012534,NA,NA
TCAL_11030,Similar to Sc5d Lathosterol oxidase (Mus musculus),NA,NA,NA,NA,-0.527185022,0.021937582,NA,NA,NA,NA,NA,NA,NA,NA
TCAL_11032,Similar to Abhd18 Protein ABHD18 (Mus musculus),0.001215122,2,0.316695918,0.070713927,NA,NA,0.272553571,0.075300478,NA,NA,NA,NA,NA,NA
TCAL_11035,Similar to cact NF-kappa-B inhibitor cactus (Drosophila melanogaster),5.21E-09,1,NA,NA,NA,NA,NA,NA,1.099909362,1.05E-06,0.928630443,9.30E-05,NA,NA
TCAL_11049,Similar to w Protein white (Drosophila melanogaster),1.45E-07,6,NA,NA,-0.239746532,0.094910657,-0.273339201,0.023175235,-0.45739789,3.44E-06,NA,NA,NA,NA
TCAL_11063,Protein of unknown function,9.49E-06,8,NA,NA,NA,NA,-0.287690846,0.019802882,NA,NA,NA,NA,NA,NA
TCAL_11064,Similar to Slc6a5 Sodium- and chloride-dependent glycine transporter 2 (Mus musculus),NA,NA,NA,NA,NA,NA,NA,NA,0.250631131,0.026541362,0.220223181,0.083457528,NA,NA
TCAL_11065,Similar to SIK2 Serine/threonine-protein kinase SIK2 (Homo sapiens),9.44E-19,4,-0.506617721,7.89E-05,-0.659315406,6.94E-09,-0.621631512,3.73E-08,NA,NA,0.50623305,2.88E-05,NA,NA
TCAL_11074,Similar to CG7083 UPF0183 protein CG7083 (Drosophila melanogaster),NA,NA,NA,NA,NA,NA,0.253877461,0.090400992,NA,NA,NA,NA,NA,NA
TCAL_11075,"Similar to B3GALT1 Beta-1,3-galactosyltransferase 1 (Pongo pygmaeus)",0.000556587,8,-0.558823909,0.059608685,NA,NA,-0.462049696,0.076607078,NA,NA,NA,NA,NA,NA
TCAL_11079,"Similar to v1g172254 L-2-hydroxyglutarate dehydrogenase, mitochondrial (Nematostella vectensis)",1.05E-06,2,NA,NA,NA,NA,0.386773276,0.010036065,NA,NA,-0.57822366,9.50E-06,NA,NA
TCAL_11092,Similar to TBX18 T-box transcription factor TBX18 (Homo sapiens),0.000215693,5,NA,NA,NA,NA,NA,NA,NA,NA,NA,NA,-1.201563071,0.021775683
TCAL_11103,Similar to MP1 Melanization protease 1 (Drosophila melanogaster),2.65E-06,3,NA,NA,0.220859537,0.028319857,0.290078026,0.000474574,0.185959034,0.074932936,NA,NA,NA,NA
TCAL_11110,Protein of unknown function,NA,NA,NA,NA,NA,NA,NA,NA,-0.266702672,0.098926879,NA,NA,NA,NA
TCAL_11129,Similar to CaBP1 Protein disulfide-isomerase A6 homolog (Drosophila melanogaster),NA,NA,NA,NA,NA,NA,-0.419381098,0.038497957,NA,NA,NA,NA,NA,NA
TCAL_11137,Similar to edc3 Enhancer of mRNA-decapping protein 3 (Danio rerio),0.002893326,4,NA,NA,NA,NA,NA,NA,NA,NA,NA,NA,NA,NA
TCAL_11152,Similar to ARPC3 Actin-related protein 2/3 complex subunit 3 (Homo sapiens),NA,NA,NA,NA,NA,NA,-0.166851913,0.093844443,NA,NA,NA,NA,NA,NA
TCAL_11154,Similar to bab1 Protein bric-a-brac 1 (Drosophila melanogaster),0.000201504,5,NA,NA,NA,NA,0.693313702,0.000213144,NA,NA,-0.643763897,0.000979252,NA,NA
TCAL_11159,Similar to slc6a9 Sodium- and chloride-dependent glycine transporter 1 (Xenopus laevis),0.000432037,5,NA,NA,NA,NA,NA,NA,NA,NA,-0.390276047,0.007973073,NA,NA
TCAL_11161,Similar to LCT Lactase-phlorizin hydrolase (Homo sapiens),NA,NA,NA,NA,NA,NA,-0.291061174,0.089233704,NA,NA,NA,NA,NA,NA
TCAL_11167,"Similar to Chdh Choline dehydrogenase, mitochondrial (Mus musculus)",1.86E-08,1,NA,NA,NA,NA,NA,NA,0.410823323,2.43E-05,0.307056364,0.006310258,NA,NA
TCAL_11186,Similar to LPIN2 Phosphatidate phosphatase LPIN2 (Homo sapiens),0.002063059,6,NA,NA,NA,NA,NA,NA,-0.366365121,0.015291062,NA,NA,NA,NA
TCAL_11231,Similar to Abhd14b Protein ABHD14B (Mus musculus),NA,NA,NA,NA,NA,NA,NA,NA,0.660237863,0.03827328,NA,NA,NA,NA
TCAL_11232,Similar to GPX2 Glutathione peroxidase 2 (Pongo pygmaeus),0.002227582,7,NA,NA,NA,NA,0.218190357,0.074386138,0.230833839,0.053805642,NA,NA,NA,NA
TCAL_11233,Similar to lolal Longitudinals lacking protein-like (Drosophila melanogaster),2.33E-05,2,NA,NA,NA,NA,0.701854595,0.004240655,NA,NA,-0.735833639,0.003018526,NA,NA
TCAL_11235,Similar to Venom carboxylesterase-6 (Apis mellifera),NA,NA,NA,NA,NA,NA,-0.270142504,0.079611126,NA,NA,NA,NA,NA,NA
TCAL_11237,Similar to GA19395 PITH domain-containing protein GA19395 (Drosophila pseudoobscura pseudoobscura),3.07E-11,7,0.440036062,0.034020229,0.559162382,0.000463121,0.750869673,8.13E-08,0.711484936,5.21E-07,NA,NA,NA,NA
TCAL_11238,Similar to TANGO6 Transport and Golgi organization protein 6 homolog (Homo sapiens),NA,NA,NA,NA,NA,NA,NA,NA,-0.190754025,0.080800239,NA,NA,NA,NA
TCAL_11241,Protein of unknown function,0.000212156,3,NA,NA,0.681307697,0.08353599,0.749125685,0.024878458,0.791681252,0.015063001,NA,NA,NA,NA
TCAL_11244,Protein of unknown function,1.13E-07,6,-0.401801269,0.03410956,-0.452050454,0.003921966,-0.593231983,1.38E-05,-0.467264532,0.001468606,NA,NA,NA,NA
TCAL_11258,Similar to Toll-6 Toll-like receptor 6 (Drosophila melanogaster),0.000272084,7,NA,NA,NA,NA,0.565474262,0.011098206,NA,NA,NA,NA,-0.522227237,0.095431863
TCAL_11267,Protein of unknown function,NA,NA,0.233179836,0.088029132,NA,NA,NA,NA,0.223855044,0.0450482,NA,NA,NA,NA
TCAL_11274,methyltransferase 27,NA,NA,NA,NA,NA,NA,0.43261548,0.041530774,NA,NA,NA,NA,NA,NA
TCAL_11277,Similar to Dat Dopamine N-acetyltransferase (Drosophila melanogaster),4.23E-09,5,NA,NA,NA,NA,NA,NA,-0.283422565,0.02964682,-0.357369045,0.002539255,NA,NA
TCAL_11278,Similar to MCRIP2 MAPK regulated corepressor interacting protein 2 (Bos taurus),3.25E-06,6,-0.356039136,0.000487449,-0.227297176,0.06235969,-0.331526927,0.000451587,-0.334515978,0.000367781,NA,NA,NA,NA
TCAL_11281,Similar to fng Fringe glycosyltransferase (Drosophila melanogaster),2.28E-06,4,NA,NA,NA,NA,NA,NA,0.49607786,0.016775333,0.468070079,0.03483858,NA,NA
TCAL_11302,Similar to spns2 Protein spinster homolog 2 (Danio rerio),1.68E-19,6,-0.283462998,0.00679608,-0.28923727,0.002267913,-0.293636603,0.001201448,-0.6062764,1.96E-15,-0.312639798,0.000631179,NA,NA
TCAL_11303,Protein of unknown function,2.76E-06,3,NA,NA,NA,NA,1.118496659,0.002037939,NA,NA,-1.15523789,0.001702934,NA,NA
TCAL_11312,Similar to Pxt Chorion peroxidase (Drosophila melanogaster),NA,NA,NA,NA,NA,NA,NA,NA,1.47883389,0.039865613,NA,NA,NA,NA
TCAL_11325,Similar to abkC Probable serine/threonine-protein kinase abkC (Dictyostelium discoideum),0.01772236,8,NA,NA,NA,NA,NA,NA,NA,NA,NA,NA,NA,NA
TCAL_11328,Similar to FUT1 Galactoside 2-alpha-L-fucosyltransferase 1 (Homo sapiens),NA,NA,NA,NA,NA,NA,0.531464875,0.050284779,NA,NA,-0.591324139,0.030323579,NA,NA
TCAL_11334,Protein of unknown function,0.001251766,5,NA,NA,NA,NA,NA,NA,NA,NA,NA,NA,-1.52708234,0.039143589
TCAL_11343,Similar to Apaf1 Apoptotic protease-activating factor 1 (Mus musculus),2.56E-05,8,NA,NA,-0.494273996,0.00615983,NA,NA,-0.48586905,0.004741516,NA,NA,NA,NA
TCAL_11361,lysozyme-like,NA,NA,NA,NA,NA,NA,NA,NA,1.169038856,0.093607652,NA,NA,NA,NA
TCAL_11363,Similar to Cuticle protein 6 (Blaberus craniifer),NA,NA,NA,NA,NA,NA,NA,NA,0.727140054,0.072063243,1.134282387,0.000768696,NA,NA
TCAL_11382,Similar to Spn42Dd Serine protease inhibitor 42Dd (Drosophila melanogaster),0.001425282,2,NA,NA,NA,NA,0.364555648,0.030874936,NA,NA,NA,NA,NA,NA
TCAL_11406,Similar to Traf6 TNF receptor-associated factor 6 (Mus musculus),NA,NA,NA,NA,NA,NA,-0.324836545,0.072272561,NA,NA,NA,NA,NA,NA
TCAL_11417,Similar to ncs-2 Neuronal calcium sensor 2 (Caenorhabditis elegans),NA,NA,NA,NA,NA,NA,NA,NA,NA,NA,-0.400055216,0.099391795,NA,NA
TCAL_11423,Similar to NPFFR2 Neuropeptide FF receptor 2 (Homo sapiens),NA,NA,NA,NA,NA,NA,NA,NA,NA,NA,-0.706490771,0.037711225,NA,NA
TCAL_11429,Similar to DUR3 Urea-proton symporter DUR3 (Arabidopsis thaliana),2.68E-08,7,NA,NA,0.20167473,0.051808796,0.262240043,0.001734133,0.274975019,0.00075857,NA,NA,NA,NA
TCAL_11430,Similar to Cxcr2 C-X-C chemokine receptor type 2 (Mus musculus),2.15E-06,2,NA,NA,0.259379168,0.087941236,0.443794568,3.47E-05,NA,NA,-0.260696163,0.063472536,NA,NA
TCAL_11449,Similar to Ank2 Ankyrin-2 (Mus musculus),NA,NA,NA,NA,NA,NA,0.52270564,0.045204789,NA,NA,NA,NA,NA,NA
TCAL_11451,Similar to irk-1 Inward rectifier potassium channel irk-1 (Caenorhabditis elegans),9.35E-15,8,NA,NA,-0.42006704,0.055789384,-0.546441223,0.00231664,-1.059619406,6.77E-12,-0.513178183,0.011885345,NA,NA
TCAL_11456,Similar to AVT3B Amino acid transporter AVT3B (Arabidopsis thaliana),4.48E-13,5,NA,NA,0.297686409,0.083009943,0.556715982,2.64E-06,NA,NA,-0.735526132,7.93E-11,-0.402854143,0.012780537
TCAL_11475,Similar to xsc Sulfoacetaldehyde acetyltransferase (Castellaniella defragrans),1.34E-32,8,-0.326432976,0.078609957,-0.915682777,1.24E-15,-0.886176232,4.60E-15,-1.125718409,2.46E-23,NA,NA,0.559743257,9.82E-05
TCAL_11477,"Similar to STAR Steroidogenic acute regulatory protein, mitochondrial (Ovis aries)",NA,NA,NA,NA,NA,NA,NA,NA,NA,NA,1.385706482,0.0127086,NA,NA
TCAL_11489,Similar to riox1 Ribosomal oxygenase 1 (Danio rerio),NA,NA,NA,NA,NA,NA,NA,NA,0.418216606,0.042019553,NA,NA,NA,NA
TCAL_11503,Similar to At5g37910 Putative E3 ubiquitin-protein ligase SINA-like 9 (Arabidopsis thaliana),8.94E-13,1,NA,NA,NA,NA,NA,NA,1.127647888,8.57E-07,0.608490922,0.033246059,NA,NA
TCAL_11506,Similar to rdgA Eye-specific diacylglycerol kinase (Drosophila melanogaster),NA,NA,NA,NA,-0.233075815,0.070973423,NA,NA,NA,NA,NA,NA,NA,NA
TCAL_11510,Similar to MAP3K12 Mitogen-activated protein kinase kinase kinase 12 (Homo sapiens),0.002924713,9,NA,NA,NA,NA,NA,NA,-0.606586456,0.012486951,-0.496426097,0.084190168,NA,NA
TCAL_11511,Similar to THL-2 Thioredoxin H-type 2 (Brassica napus),0.00038345,2,NA,NA,NA,NA,0.456938844,0.00985722,NA,NA,-0.435840005,0.020873408,NA,NA
TCAL_11520,Similar to Bcas3 Breast carcinoma-amplified sequence 3 homolog (Mus musculus),0.000218083,2,NA,NA,NA,NA,0.252720164,0.02815034,NA,NA,-0.219426088,0.096252206,NA,NA
TCAL_11523,venom toxin 11-like,4.89E-17,9,NA,NA,NA,NA,NA,NA,-1.977422974,3.59E-28,-2.081213017,2.04E-31,NA,NA
TCAL_11530,Similar to Isotocin receptor (Catostomus commersonii),5.23E-05,5,NA,NA,NA,NA,0.383995568,0.037817514,NA,NA,NA,NA,-0.464132716,0.035745482
TCAL_11537,"Similar to TIGAR Fructose-2,6-bisphosphatase TIGAR (Bos taurus)",4.69E-05,4,NA,NA,NA,NA,NA,NA,NA,NA,1.37245273,0.073771912,NA,NA
TCAL_11539,uncharacterized oxidoreductase dhs-27-like,1.87E-05,1,-0.389869345,0.050631904,-0.390686806,0.024318947,NA,NA,NA,NA,NA,NA,NA,NA
TCAL_11553,Protein of unknown function,1.15E-22,7,0.440653292,0.028927513,0.720119512,7.08E-07,0.838768589,9.80E-10,1.152578818,1.34E-18,NA,NA,-0.398115297,0.095431863
TCAL_11557,Similar to Hdac4 Histone deacetylase 4 (Rattus norvegicus),NA,NA,NA,NA,NA,NA,0.348024368,0.038406187,NA,NA,NA,NA,NA,NA
TCAL_11559,Protein of unknown function,3.16E-06,3,1.102286066,0.00712847,1.065349732,0.00536379,1.446425792,7.18E-06,1.611201854,2.30E-07,NA,NA,NA,NA
TCAL_11560,Similar to Orct Organic cation transporter protein (Drosophila melanogaster),3.17E-06,6,NA,NA,-0.523994347,0.001745636,-0.465250835,0.006149547,-0.426634759,0.015180314,NA,NA,NA,NA
TCAL_11577,Similar to Phm Peptidylglycine alpha-hydroxylating monooxygenase (Drosophila melanogaster),0.000385013,1,NA,NA,NA,NA,NA,NA,NA,NA,2.31052937,0.050488939,NA,NA
TCAL_11580,Similar to KLHL33 Kelch-like protein 33 (Homo sapiens),0.004295022,3,NA,NA,NA,NA,NA,NA,NA,NA,NA,NA,NA,NA
TCAL_11589,Similar to AGAP007347 Lysozyme c-1 (Anopheles gambiae),0.000204939,6,-0.517592478,0.046310231,-0.448692407,0.074567118,-0.53317963,0.011098206,-0.619394742,0.0014894,NA,NA,NA,NA
TCAL_11603,Similar to Tspan5 Tetraspanin-5 (Rattus norvegicus),0.000212697,4,NA,NA,NA,NA,NA,NA,NA,NA,1.494958829,0.002425924,1.241588352,0.084601596
TCAL_11607,Similar to Abcc1 Multidrug resistance-associated protein 1 (Rattus norvegicus),3.44E-07,8,NA,NA,-0.37506479,0.055297015,NA,NA,-0.610745967,3.38E-05,NA,NA,NA,NA
TCAL_11628,Similar to Vignain (Vigna mungo),0.000107622,8,NA,NA,NA,NA,NA,NA,-0.245971274,0.005834019,NA,NA,NA,NA
TCAL_11639,Similar to NPFR Neuropeptide F receptor (Drosophila melanogaster),6.03E-07,3,NA,NA,0.605036496,0.025090072,0.69223145,0.003039342,NA,NA,NA,NA,NA,NA
TCAL_11694,Protein of unknown function,NA,NA,NA,NA,NA,NA,NA,NA,-0.393372741,0.036986537,NA,NA,NA,NA
TCAL_11708,Protein of unknown function,0.000145785,6,NA,NA,NA,NA,NA,NA,-0.731653404,0.006603075,NA,NA,NA,NA
TCAL_11739,"Similar to B3gnt7 UDP-GlcNAc:betaGal beta-1,3-N-acetylglucosaminyltransferase 7 (Rattus norvegicus)",NA,NA,NA,NA,NA,NA,0.680797242,0.022509736,NA,NA,NA,NA,NA,NA
TCAL_11740,Similar to SGSM1 Small G protein signaling modulator 1 (Homo sapiens),NA,NA,NA,NA,NA,NA,0.389000055,0.027716159,NA,NA,NA,NA,NA,NA
TCAL_11741,Protein of unknown function,1.45E-07,4,NA,NA,NA,NA,NA,NA,NA,NA,NA,NA,NA,NA
TCAL_11742,Protein of unknown function,NA,NA,NA,NA,NA,NA,-0.443794667,0.086758099,NA,NA,NA,NA,NA,NA
TCAL_11761,Similar to CSPG4 Chondroitin sulfate proteoglycan 4 (Homo sapiens),2.97E-08,1,-0.738709124,0.00352726,NA,NA,NA,NA,NA,NA,NA,NA,-0.809280549,0.00142009
TCAL_11796,Similar to Cth Cystathionine gamma-lyase (Mus musculus),NA,NA,NA,NA,NA,NA,0.287464616,0.031556349,NA,NA,NA,NA,NA,NA
TCAL_11808,"Similar to Skeletor Protein Skeletor, isoforms B/C (Drosophila melanogaster)",0.007112062,1,NA,NA,NA,NA,3.490709296,0.022714347,3.455646252,0.025240736,NA,NA,NA,NA
TCAL_11827,Similar to Tulp4 Tubby-related protein 4 (Mus musculus),8.50E-09,5,NA,NA,NA,NA,NA,NA,NA,NA,NA,NA,-0.599243107,0.001682566
TCAL_11836,Similar to MGLL Monoglyceride lipase (Homo sapiens),NA,NA,NA,NA,NA,NA,NA,NA,0.637166114,0.054187358,NA,NA,NA,NA
TCAL_11866,Similar to Hsp23 Heat shock protein 23 (Drosophila melanogaster),3.05E-09,2,NA,NA,0.951615068,0.011898691,1.812205683,2.43E-10,NA,NA,-1.456907222,8.83E-07,-1.055892634,0.006178761
TCAL_11870,Similar to Os10g0138100 Probable aldehyde oxidase 1 (Oryza sativa subsp. japonica),3.28E-07,8,NA,NA,NA,NA,NA,NA,-0.335537953,0.000262484,-0.285527962,0.005120856,NA,NA
TCAL_11871,Similar to AAO4 Benzaldehyde dehydrogenase (NAD(+)) (Arabidopsis thaliana),NA,NA,NA,NA,NA,NA,0.247338014,0.043494401,NA,NA,NA,NA,NA,NA
TCAL_11872,Similar to SLC17A5 Sialin (Homo sapiens),7.08E-10,7,NA,NA,0.304124886,0.063934036,0.653965121,7.15E-09,0.560998088,1.49E-06,NA,NA,-0.368667116,0.03178222
TCAL_11874,Protein of unknown function,0.000107541,2,NA,NA,NA,NA,NA,NA,NA,NA,-0.361495634,0.019480541,NA,NA
TCAL_11881,"Similar to Dys Dystrophin, isoform D (Drosophila melanogaster)",8.48E-06,5,NA,NA,NA,NA,NA,NA,NA,NA,-0.529740901,0.001863065,NA,NA
TCAL_11885,Similar to celD Endoglucanase E-4 (Thermobifida fusca),4.68E-05,8,NA,NA,NA,NA,NA,NA,-0.266274814,0.005834019,NA,NA,NA,NA
TCAL_11889,Protein of unknown function,1.54E-06,2,NA,NA,0.326253895,0.04028851,0.367052566,0.008491769,NA,NA,-0.382298491,0.00664581,NA,NA
TCAL_11917,"Similar to SQOR Sulfide:quinone oxidoreductase, mitochondrial (Homo sapiens)",3.77E-22,7,0.265226563,0.005595072,0.365080499,2.20E-06,0.481665776,9.73E-12,0.494626429,2.38E-12,NA,NA,-0.216439213,0.068693907
TCAL_11925,Similar to rad54l2 Helicase ARIP4 (Xenopus tropicalis),NA,NA,NA,NA,NA,NA,NA,NA,NA,NA,-0.295158367,0.040925856,NA,NA
TCAL_11930,Protein of unknown function,0.001082865,1,NA,NA,NA,NA,NA,NA,0.438399951,0.007722684,NA,NA,NA,NA
TCAL_11939,Similar to ECM29 Proteasome-associated protein ECM29 homolog (Homo sapiens),9.03E-11,1,NA,NA,NA,NA,NA,NA,0.445546961,4.95E-06,0.374544357,0.000357621,NA,NA
TCAL_11940,Similar to syg-2 Synaptogenesis protein syg-2 (Caenorhabditis elegans),1.49E-06,1,NA,NA,NA,NA,NA,NA,0.427733749,0.049331419,NA,NA,NA,NA
TCAL_11948,Similar to 5-hydroxytryptamine receptor (Heliothis virescens),7.81E-10,1,NA,NA,NA,NA,NA,NA,NA,NA,NA,NA,NA,NA
TCAL_11960,Similar to Mfsd11 UNC93-like protein MFSD11 (Mus musculus),0.000225908,8,NA,NA,-0.28280982,0.02788967,-0.23551103,0.071425066,NA,NA,NA,NA,NA,NA
TCAL_11966,Protein of unknown function,7.92E-05,4,NA,NA,NA,NA,-0.31923861,0.092040802,NA,NA,0.415001906,0.015676775,NA,NA
TCAL_11970,Protein of unknown function,3.84E-10,1,NA,NA,NA,NA,NA,NA,0.389205956,0.02682064,0.578339943,0.000148211,NA,NA
TCAL_11972,Protein of unknown function,0.000331955,1,NA,NA,NA,NA,NA,NA,NA,NA,0.34382301,0.08516758,NA,NA
TCAL_11977,Similar to qvr Protein quiver (Drosophila mojavensis),6.06E-06,6,NA,NA,-0.320354016,0.015773728,-0.336811797,0.005827295,NA,NA,NA,NA,NA,NA
TCAL_11994,Protein of unknown function,NA,NA,NA,NA,NA,NA,0.9852126,0.090283519,NA,NA,NA,NA,NA,NA
TCAL_12012,"Similar to galt-1 Beta-1,4-galactosyltransferase galt-1 (Caenorhabditis elegans)",0.000237153,8,NA,NA,NA,NA,-0.719683154,0.038497957,-0.689195098,0.059099045,NA,NA,NA,NA
TCAL_12017,Similar to KLHL31 Kelch-like protein 31 (Homo sapiens),NA,NA,NA,NA,NA,NA,-0.267194879,0.057084881,NA,NA,NA,NA,NA,NA
TCAL_12030,Similar to rpl-7 60S ribosomal protein L7 (Caenorhabditis elegans),1.99E-05,6,NA,NA,NA,NA,-0.163344258,0.004473859,NA,NA,NA,NA,NA,NA
TCAL_12040,Similar to Cyp1 Peptidyl-prolyl cis-trans isomerase (Drosophila melanogaster),NA,NA,NA,NA,-0.167361523,0.070026921,NA,NA,-0.150967469,0.096545296,NA,NA,NA,NA
TCAL_12055,Protein of unknown function,4.78E-08,5,NA,NA,0.535289101,0.038789134,0.703650713,0.000665677,NA,NA,-0.488877377,0.048527619,-0.532018107,0.084400872
TCAL_12062,Similar to Zinc finger protein Xfin (Xenopus laevis),0.00550948,8,NA,NA,NA,NA,NA,NA,NA,NA,NA,NA,NA,NA
TCAL_12072,Similar to PTPRK Receptor-type tyrosine-protein phosphatase kappa (Homo sapiens),NA,NA,NA,NA,NA,NA,NA,NA,-0.663428755,0.072214423,-0.708284891,0.054857945,NA,NA
TCAL_12081,Similar to Endothelin-converting enzyme homolog (Locusta migratoria),0.000366065,2,NA,NA,NA,NA,NA,NA,NA,NA,NA,NA,NA,NA
TCAL_12088,Similar to tim Protein timeless (Drosophila melanogaster),5.56E-15,1,NA,NA,NA,NA,NA,NA,2.247220529,1.15E-06,1.667004805,0.000842085,NA,NA
TCAL_12100,Similar to CHP1 Calcineurin B homologous protein 1 (Bos taurus),9.10E-06,1,NA,NA,0.406433541,0.007908749,0.386245872,0.009687799,0.411245101,0.004355353,NA,NA,NA,NA
TCAL_12104,Similar to Uncharacterized protein C1orf50 homolog (Xenopus laevis),4.42E-13,2,0.265603211,0.025234455,0.291869449,0.003378327,0.441227871,1.08E-07,NA,NA,-0.488095848,2.30E-09,NA,NA
TCAL_12107,Similar to Na(+)/H(+) exchanger beta (Oncorhynchus mykiss),2.00E-13,9,NA,NA,NA,NA,NA,NA,-1.099441265,2.13E-13,-1.052858909,3.47E-12,NA,NA
TCAL_12109,Similar to NDRG3 Protein NDRG3 (Bos taurus),2.66E-09,6,NA,NA,NA,NA,NA,NA,-0.992124949,3.61E-11,-0.829967445,1.09E-07,NA,NA
TCAL_12117,Similar to SIAE Sialate O-acetylesterase (Homo sapiens),1.40E-06,8,NA,NA,NA,NA,NA,NA,-0.198196406,0.000416795,NA,NA,NA,NA
TCAL_12124,Similar to GALM Aldose 1-epimerase (Bos taurus),0.000363382,8,NA,NA,-0.488359201,0.003157026,-0.357090701,0.050404607,-0.502018914,0.001271255,NA,NA,NA,NA
TCAL_12130,Similar to Bgb Protein big brother (Drosophila melanogaster),NA,NA,NA,NA,NA,NA,NA,NA,NA,NA,0.590626632,0.063714897,NA,NA
TCAL_12132,Similar to CREBL2 cAMP-responsive element-binding protein-like 2 (Bos taurus),6.15E-06,5,NA,NA,NA,NA,0.246255699,0.011642337,NA,NA,-0.265443791,0.006621294,NA,NA
TCAL_12161,Similar to HECTD4 Probable E3 ubiquitin-protein ligase HECTD4 (Homo sapiens),NA,NA,NA,NA,NA,NA,NA,NA,0.470331375,0.082172971,NA,NA,NA,NA
TCAL_12164,Similar to MTRR Methionine synthase reductase (Bos taurus),NA,NA,NA,NA,NA,NA,-0.2359248,0.046136811,NA,NA,NA,NA,NA,NA
TCAL_12165,Protein of unknown function,0.000437786,7,NA,NA,NA,NA,NA,NA,0.354953821,0.033670635,NA,NA,NA,NA
TCAL_12170,Similar to tsp-21 Tetraspanin-21 (Caenorhabditis elegans),1.66E-08,2,NA,NA,0.336701352,0.021000489,0.400298054,0.001393244,NA,NA,NA,NA,NA,NA
TCAL_12193,Similar to Slc39a3 Zinc transporter ZIP3 (Rattus norvegicus),0.00074856,8,NA,NA,-0.422375825,0.003769813,NA,NA,NA,NA,NA,NA,NA,NA
TCAL_12220,Similar to Cyp49a1 Probable cytochrome P450 49a1 (Drosophila melanogaster),1.28E-16,3,0.775017462,4.54E-08,0.928102737,1.52E-12,0.881004813,1.58E-11,0.708278417,2.43E-07,NA,NA,NA,NA
TCAL_12235,Similar to D4Des Acyl-lipid (7-3)-desaturase (Rebecca salina),4.42E-18,6,-0.399339197,0.015914249,-0.510742727,0.000121639,-0.625177503,3.20E-07,-0.901526469,4.36E-15,NA,NA,NA,NA
TCAL_12245,Similar to Paox Peroxisomal N(1)-acetyl-spermine/spermidine oxidase (Mus musculus),NA,NA,NA,NA,NA,NA,NA,NA,-0.538030214,0.064256567,NA,NA,NA,NA
TCAL_12253,Similar to Orct2 Organic cation transporter-like protein (Drosophila melanogaster),5.36E-12,8,-1.052882023,0.000652335,-1.385080781,7.75E-07,-0.915451169,0.001331936,-1.059271475,0.000130698,NA,NA,NA,NA
TCAL_12254,Similar to set-14 SET domain-containing protein 14 (Caenorhabditis elegans),NA,NA,-0.791517723,0.039725673,NA,NA,-0.697005654,0.032034718,NA,NA,NA,NA,NA,NA
TCAL_12273,Similar to APX1 Putative ascorbate peroxidase (Hydra viridissima),9.71E-05,8,NA,NA,NA,NA,NA,NA,-0.382281639,0.000430818,-0.27487269,0.038731829,NA,NA
TCAL_12281,Similar to NINL Ninein-like protein (Homo sapiens),1.58E-07,1,NA,NA,NA,NA,NA,NA,0.386271355,0.000543203,NA,NA,NA,NA
TCAL_12291,Similar to RPIA Ribose-5-phosphate isomerase (Sus scrofa),0.001236588,3,NA,NA,NA,NA,NA,NA,NA,NA,NA,NA,NA,NA
TCAL_12299,Protein of unknown function,4.48E-07,6,NA,NA,NA,NA,-0.244813896,0.032967324,-0.373497729,0.000103432,NA,NA,NA,NA
TCAL_12301,Similar to noc Zinc finger protein Noc (Drosophila melanogaster),9.28E-09,5,NA,NA,0.808435268,6.83E-05,0.79327343,6.24E-05,NA,NA,-0.449016312,0.08564337,NA,NA
TCAL_12323,Protein of unknown function,NA,NA,NA,NA,NA,NA,NA,NA,2.096247832,0.074932936,NA,NA,NA,NA
TCAL_12327,Similar to Esterase FE4 (Myzus persicae),5.50E-15,8,NA,NA,NA,NA,-0.331531206,0.009438814,-0.567538569,1.66E-07,NA,NA,NA,NA
TCAL_12339,Protein of unknown function,NA,NA,NA,NA,NA,NA,0.646595763,0.010177028,NA,NA,NA,NA,NA,NA
TCAL_12344,Similar to nAChRalpha1 Acetylcholine receptor subunit alpha-like 1 (Drosophila melanogaster),NA,NA,NA,NA,NA,NA,NA,NA,0.28246033,0.089642849,NA,NA,NA,NA
TCAL_12362,Similar to Gastrula zinc finger protein XlCGF26.1 (Fragment) (Xenopus laevis),0.000144295,6,NA,NA,NA,NA,NA,NA,-0.255735096,0.016733371,NA,NA,NA,NA
TCAL_12372,Similar to TkR99D Tachykinin-like peptides receptor 99D (Drosophila melanogaster),1.61E-05,5,NA,NA,0.527046182,0.044688364,0.590358424,0.00928309,NA,NA,NA,NA,NA,NA
TCAL_12378,Protein of unknown function,1.76E-07,2,NA,NA,0.537988771,0.048729316,0.593484423,0.011786338,NA,NA,NA,NA,NA,NA
TCAL_12384,Similar to Gna11 Guanine nucleotide-binding protein subunit alpha-11 (Mus musculus),1.22E-07,1,NA,NA,NA,NA,NA,NA,0.821921716,0.000865746,NA,NA,NA,NA
TCAL_12390,Protein of unknown function,1.71E-06,8,NA,NA,-0.351178478,0.044724619,-0.502995353,0.000284046,-0.454028507,0.001497794,NA,NA,NA,NA
TCAL_12407,cytoglobin-2-like,4.91E-09,4,-0.42026074,0.089818759,-0.440874766,0.031605792,NA,NA,NA,NA,0.382567947,0.066547675,NA,NA
TCAL_12427,Similar to Amy2 Pancreatic alpha-amylase (Mus musculus),0.000212175,8,NA,NA,NA,NA,-0.223373154,0.016343622,NA,NA,NA,NA,NA,NA
TCAL_12432,Similar to hmp Flavohemoprotein (Oceanobacillus iheyensis (strain DSM 14371 / CIP 107618 / JCM 11309 / KCTC 3954 / HTE831)),1.64E-29,1,NA,NA,0.390895816,9.18E-05,0.497064146,3.61E-08,0.761034339,1.17E-19,0.263970192,0.018737363,-0.289778143,0.032420706
TCAL_12434,Similar to hts Protein hu-li tai shao (Drosophila melanogaster),4.84E-05,6,NA,NA,NA,NA,-0.158957343,0.006892773,NA,NA,NA,NA,NA,NA
TCAL_12442,Similar to NTM Neurotrimin (Bos taurus),NA,NA,NA,NA,NA,NA,NA,NA,0.70635323,0.023312153,NA,NA,NA,NA
TCAL_12459,Similar to Orct Organic cation transporter protein (Drosophila melanogaster),0.000404342,8,NA,NA,NA,NA,-0.508017071,0.008703076,-0.387186432,0.082272268,NA,NA,NA,NA
TCAL_12462,Similar to Dusp27 Inactive dual specificity phosphatase 27 (Mus musculus),0.000330554,4,NA,NA,-0.765576468,0.007842189,NA,NA,NA,NA,NA,NA,NA,NA
TCAL_12464,Similar to nhr-48 Nuclear hormone receptor family member nhr-48 (Caenorhabditis elegans),6.60E-05,8,NA,NA,-0.654946195,0.00536379,-0.479812165,0.056101988,NA,NA,NA,NA,NA,NA
TCAL_12472,Similar to Chymotrypsin BII (Litopenaeus vannamei),0.000101956,6,NA,NA,NA,NA,NA,NA,-0.297288148,0.001040514,NA,NA,NA,NA
TCAL_12485,"Similar to ALG11 GDP-Man:Man(3)GlcNAc(2)-PP-Dol alpha-1,2-mannosyltransferase (Homo sapiens)",0.00489251,7,NA,NA,0.242687911,0.081856288,NA,NA,NA,NA,NA,NA,NA,NA
TCAL_12488,Similar to ABCC1 Multidrug resistance-associated protein 1 (Homo sapiens),0.000546641,1,NA,NA,NA,NA,NA,NA,NA,NA,NA,NA,NA,NA
TCAL_12490,Protein of unknown function,7.38E-05,5,NA,NA,NA,NA,NA,NA,NA,NA,-0.417223603,0.034783091,NA,NA
TCAL_12491,apolipo D-like,0.001297755,6,NA,NA,NA,NA,-0.25913994,0.059268374,-0.253330236,0.074599798,NA,NA,NA,NA
TCAL_12504,Similar to Hemocyte protein-glutamine gamma-glutamyltransferase (Tachypleus tridentatus),6.17E-06,1,NA,NA,NA,NA,NA,NA,1.252547081,0.008987142,2.223694561,4.51E-06,NA,NA
TCAL_12505,Similar to ZNF676 Zinc finger protein 676 (Homo sapiens),NA,NA,0.613215648,0.03920193,NA,NA,NA,NA,NA,NA,NA,NA,NA,NA
TCAL_12508,Similar to Glutathione S-transferase (Musca domestica),9.95E-05,4,-0.411770249,0.068179189,NA,NA,NA,NA,NA,NA,NA,NA,NA,NA
TCAL_12511,Protein of unknown function,3.41E-05,9,NA,NA,NA,NA,NA,NA,-0.271491754,0.045631747,-0.343620522,0.005523203,NA,NA
TCAL_12521,"Similar to FucTC Alpha-(1,3)-fucosyltransferase C (Drosophila melanogaster)",0.002972082,5,NA,NA,NA,NA,NA,NA,-0.36199435,0.081949299,-0.386267297,0.063978363,NA,NA
TCAL_12537,Similar to spir Protein spire (Drosophila melanogaster),NA,NA,NA,NA,NA,NA,NA,NA,-0.372277066,0.074352785,-0.396609825,0.056950984,NA,NA
TCAL_12544,Similar to Akr1a1 Alcohol dehydrogenase [NADP(+)] (Mus musculus),1.68E-10,8,NA,NA,NA,NA,-0.236365165,0.012709683,-0.394398218,6.07E-07,NA,NA,NA,NA
TCAL_12545,Similar to SLC18B1 MFS-type transporter SLC18B1 (Homo sapiens),1.20E-05,6,NA,NA,NA,NA,-0.296537609,0.072111524,-0.388789943,0.006845767,NA,NA,NA,NA
TCAL_12549,Similar to D1 Protein D1 (Fragment) (Onchocerca volvulus),NA,NA,NA,NA,NA,NA,NA,NA,0.317752932,0.098642125,NA,NA,NA,NA
TCAL_12557,Similar to CG8399 Putative ferric-chelate reductase 1 homolog (Drosophila melanogaster),3.05E-10,8,NA,NA,NA,NA,-0.465992007,0.001944837,-0.640889998,1.73E-06,NA,NA,NA,NA
TCAL_12558,Similar to ceh-9 Homeobox protein ceh-9 (Caenorhabditis elegans),0.000936724,5,NA,NA,NA,NA,0.683813089,0.032114083,NA,NA,NA,NA,NA,NA
TCAL_12574,Similar to Hpgd 15-hydroxyprostaglandin dehydrogenase [NAD(+)] (Mus musculus),0.000134946,6,-0.415131238,0.087136921,-0.421590283,0.040780615,-0.491723283,0.005765857,NA,NA,NA,NA,NA,NA
TCAL_12580,Similar to lhx3 LIM/homeobox protein Lhx3 (Danio rerio),0.000485464,4,NA,NA,NA,NA,NA,NA,NA,NA,1.468523934,0.028841309,NA,NA
TCAL_12581,Similar to nhr-91 Nuclear hormone receptor family member nhr-91 (Caenorhabditis elegans),0.000853694,4,NA,NA,NA,NA,NA,NA,NA,NA,NA,NA,NA,NA
TCAL_12585,Similar to PlexB Plexin-B (Drosophila melanogaster),0.001355035,2,NA,NA,NA,NA,NA,NA,NA,NA,NA,NA,NA,NA
TCAL_12591,Similar to mtg1 Mitochondrial ribosome-associated GTPase 1 (Ictalurus punctatus),2.37E-06,6,NA,NA,-0.196112783,0.006594982,NA,NA,-0.288658518,1.42E-06,-0.233547927,0.000364536,NA,NA
TCAL_12601,"Similar to INPP5A Type I inositol 1,4,5-trisphosphate 5-phosphatase (Canis lupus familiaris)",0.000102301,8,NA,NA,NA,NA,-0.993185724,0.008061416,NA,NA,NA,NA,NA,NA
TCAL_12605,Protein of unknown function,NA,NA,NA,NA,NA,NA,NA,NA,-0.308562898,0.060022336,NA,NA,NA,NA
TCAL_12621,Protein of unknown function,5.22E-05,7,NA,NA,NA,NA,0.246845819,0.006566909,0.201708767,0.046940351,NA,NA,NA,NA
TCAL_12628,Protein of unknown function,NA,NA,NA,NA,NA,NA,NA,NA,NA,NA,-0.236232613,0.084190168,NA,NA
TCAL_12635,Similar to KIT Mast/stem cell growth factor receptor Kit (Gallus gallus),0.009442479,2,NA,NA,NA,NA,0.452523789,0.08400499,NA,NA,NA,NA,NA,NA
TCAL_12659,Similar to rost Protein rolling stone (Drosophila melanogaster),8.20E-14,9,NA,NA,NA,NA,0.514346901,0.078550263,-1.358787832,8.01E-11,-1.873134733,6.41E-21,NA,NA
TCAL_12661,Similar to Mettl16 U6 small nuclear RNA (adenine-(43)-N(6))-methyltransferase (Mus musculus),NA,NA,NA,NA,NA,NA,NA,NA,NA,NA,-0.335975577,0.079670757,NA,NA
TCAL_12664,Similar to Slc18b1 MFS-type transporter SLC18B1 (Mus musculus),0.002662954,3,NA,NA,NA,NA,0.403356149,0.039489653,0.479976699,0.007624939,NA,NA,NA,NA
TCAL_12669,Similar to Dram1 DNA damage-regulated autophagy modulator protein 1 (Mus musculus),2.80E-05,5,NA,NA,NA,NA,0.28299443,0.038737934,NA,NA,-0.400668803,0.000978824,NA,NA
TCAL_12679,transmembrane 246-like,1.10E-09,2,NA,NA,0.36744258,0.017736397,0.374874063,0.009078381,NA,NA,-0.344345809,0.026997351,NA,NA
TCAL_12684,Protein of unknown function,NA,NA,NA,NA,NA,NA,NA,NA,-0.305297461,0.097516581,NA,NA,NA,NA
TCAL_12689,"Similar to Skeletor Protein Skeletor, isoforms B/C (Drosophila melanogaster)",1.11E-10,1,NA,NA,0.304397263,0.008767096,0.385000723,0.000131062,0.446775794,2.83E-06,NA,NA,NA,NA
TCAL_12692,Protein of unknown function,NA,NA,NA,NA,NA,NA,0.710281874,0.091497552,NA,NA,NA,NA,NA,NA
TCAL_12695,Similar to Apolipophorins (Locusta migratoria),NA,NA,NA,NA,NA,NA,0.233986759,0.092114139,NA,NA,NA,NA,NA,NA
TCAL_12703,Similar to XDH Xanthine dehydrogenase/oxidase (Gallus gallus),NA,NA,NA,NA,NA,NA,NA,NA,NA,NA,-0.320036798,0.017662647,NA,NA
TCAL_12705,Similar to Abca3 ATP-binding cassette sub-family A member 3 (Mus musculus),1.24E-05,4,NA,NA,-0.3334157,0.055297015,-0.364320584,0.016068447,NA,NA,NA,NA,NA,NA
TCAL_12721,Similar to DMAP1 DNA methyltransferase 1-associated protein 1 (Homo sapiens),8.46E-06,5,NA,NA,NA,NA,NA,NA,NA,NA,-0.224269927,0.081150144,NA,NA
TCAL_12735,Similar to Marf1 Meiosis regulator and mRNA stability factor 1 (Rattus norvegicus),0.000152004,3,NA,NA,NA,NA,1.483134453,0.006638456,NA,NA,NA,NA,NA,NA
TCAL_12742,Similar to TMEM68 Transmembrane protein 68 (Bos taurus),5.83E-18,8,-0.462489162,0.062759186,-0.638184085,0.000473434,-0.909238205,1.99E-08,-1.139245732,8.27E-13,NA,NA,NA,NA
TCAL_12757,Similar to CPNE9 Copine-9 (Homo sapiens),NA,NA,NA,NA,NA,NA,NA,NA,NA,NA,1.99039843,0.011420139,NA,NA
TCAL_12761,Similar to hth Homeobox protein homothorax (Drosophila melanogaster),0.000941068,4,NA,NA,NA,NA,NA,NA,NA,NA,1.459436037,0.012982175,NA,NA
TCAL_12768,Similar to OTX1 Homeobox protein OTX1 (Homo sapiens),NA,NA,NA,NA,NA,NA,NA,NA,0.808623151,0.010768191,NA,NA,NA,NA
TCAL_12771,Similar to slc5a12 Sodium-coupled monocarboxylate transporter 2 (Danio rerio),NA,NA,NA,NA,NA,NA,NA,NA,NA,NA,0.332718443,0.093735344,NA,NA
TCAL_12797,Similar to wnt8 Protein Wnt-8 (Xenopus laevis),5.06E-10,3,0.365295075,0.069864669,0.530732962,0.000199609,0.643132722,8.50E-07,0.564260821,2.81E-05,NA,NA,NA,NA
TCAL_12804,Similar to lcc2 Laccase-2 (Botryotinia fuckeliana),9.61E-40,7,0.528099653,1.12E-06,0.831886534,9.08E-19,0.883772571,9.38E-22,0.855199606,4.69E-20,NA,NA,-0.355672918,0.007012475
TCAL_12822,"Similar to Acss1 Acetyl-coenzyme A synthetase 2-like, mitochondrial (Mus musculus)",3.95E-09,7,NA,NA,0.45037566,0.000117312,0.362266687,0.003348259,0.464034891,3.15E-05,NA,NA,NA,NA
TCAL_12827,Similar to Isl2 Insulin gene enhancer protein ISL-2 (Mus musculus),NA,NA,NA,NA,NA,NA,NA,NA,NA,NA,-0.490189654,0.060878968,NA,NA
TCAL_12832,Similar to Kcnk18 Potassium channel subfamily K member 18 (Rattus norvegicus),4.94E-05,4,NA,NA,-0.610695107,0.062107319,NA,NA,NA,NA,NA,NA,NA,NA
TCAL_12837,Protein of unknown function,NA,NA,NA,NA,NA,NA,-0.952887471,0.090320187,NA,NA,NA,NA,NA,NA
TCAL_12849,Protein of unknown function,1.80E-05,8,-0.608177134,0.044516335,-1.018307711,1.72E-06,-0.621812712,0.011098206,-0.704866134,0.002299037,NA,NA,NA,NA
TCAL_12851,Similar to Kif13a Kinesin-like protein KIF13A (Mus musculus),6.06E-05,2,NA,NA,NA,NA,NA,NA,NA,NA,-0.214571576,0.021487118,NA,NA
TCAL_12876,Similar to Compound eye opsin BCRH2 (Hemigrapsus sanguineus),NA,NA,NA,NA,-0.821220794,0.030776415,NA,NA,NA,NA,NA,NA,NA,NA
TCAL_12891,Protein of unknown function,0.000163408,2,0.594522552,0.00352726,NA,NA,0.674566428,7.89E-05,NA,NA,-0.438975615,0.036471034,NA,NA
TCAL_12908,Similar to cept1 Choline/ethanolaminephosphotransferase 1 (Xenopus tropicalis),NA,NA,NA,NA,NA,NA,0.249768919,0.093055953,NA,NA,NA,NA,NA,NA
TCAL_12913,Similar to Eif4ebp1 Eukaryotic translation initiation factor 4E-binding protein 1 (Mus musculus),0.001575108,2,NA,NA,NA,NA,NA,NA,NA,NA,-0.261859175,0.099028412,NA,NA
TCAL_12922,Similar to Tat Tyrosine aminotransferase (Mus musculus),4.36E-09,2,NA,NA,NA,NA,0.882172453,0.000326856,NA,NA,-1.284108017,8.79E-09,NA,NA
TCAL_12977,Similar to CG9705 Cold shock domain-containing protein CG9705 (Drosophila melanogaster),4.31E-15,9,NA,NA,NA,NA,NA,NA,-0.819127631,1.14E-13,-0.855799714,6.07E-15,NA,NA
TCAL_12978,"Similar to B4gat1 Beta-1,4-glucuronyltransferase 1 (Mus musculus)",0.000403853,4,NA,NA,NA,NA,-0.313818725,0.054540232,NA,NA,0.298745285,0.096252206,NA,NA
TCAL_12990,Similar to SLC18B1 MFS-type transporter SLC18B1 (Homo sapiens),0.00050373,1,NA,NA,NA,NA,NA,NA,NA,NA,NA,NA,NA,NA
TCAL_12994,Similar to dim-1 Disorganized muscle protein 1 (Caenorhabditis elegans),NA,NA,NA,NA,NA,NA,0.256226226,0.090400992,NA,NA,NA,NA,NA,NA
TCAL_13009,Similar to SLC16A14 Monocarboxylate transporter 14 (Homo sapiens),0.000255794,2,NA,NA,NA,NA,0.828575604,0.021466742,NA,NA,-0.798275874,0.038076321,NA,NA
TCAL_13034,Similar to CYP15A1 Methyl farnesoate epoxidase (Diploptera punctata),0.000274313,8,NA,NA,-0.554819246,0.012603143,-0.433552006,0.064539124,-0.549047717,0.008987142,NA,NA,NA,NA
TCAL_13039,Protein of unknown function,8.81E-15,7,0.909965932,0.000107081,1.255085058,8.68E-10,1.380960663,3.13E-12,1.67108032,5.17E-18,NA,NA,NA,NA
TCAL_13043,Similar to thrb Thyroid hormone receptor beta (Lithobates catesbeiana),1.69E-17,8,-1.236066286,8.48E-08,-1.488500323,9.34E-12,-1.095742525,7.75E-07,-0.888827514,0.000122137,NA,NA,NA,NA
TCAL_13046,Protein of unknown function,1.24E-06,6,NA,NA,-0.366318231,0.065021431,-0.599174902,5.02E-05,-0.37378707,0.038718541,NA,NA,0.413582663,0.068285859
TCAL_13047,"Similar to FAD3 Omega-3 fatty acid desaturase, endoplasmic reticulum (Nicotiana tabacum)",0.003388269,4,NA,NA,NA,NA,NA,NA,NA,NA,0.897448372,0.030338417,NA,NA
TCAL_13049,chondroitin proteoglycan-2-like,0.000193421,8,NA,NA,-0.285528186,0.040973813,-0.291663243,0.022446043,NA,NA,NA,NA,NA,NA
TCAL_13066,Similar to F40A3.3 Phosphatidylethanolamine-binding protein homolog F40A3.3 (Caenorhabditis elegans),0.000451412,8,NA,NA,NA,NA,-0.522660643,0.048983336,NA,NA,NA,NA,NA,NA
TCAL_13067,Similar to inx2 Innexin inx2 (Schistocerca americana),0.003824956,4,NA,NA,NA,NA,NA,NA,NA,NA,0.391920249,0.04852826,NA,NA
TCAL_13090,Protein of unknown function,0.000178145,6,NA,NA,NA,NA,-0.5261394,0.003076089,-0.442002192,0.020942904,NA,NA,NA,NA
TCAL_13116,Similar to Slc6a13 Sodium- and chloride-dependent GABA transporter 2 (Rattus norvegicus),0.004004969,3,NA,NA,NA,NA,0.804338787,0.048119565,NA,NA,NA,NA,NA,NA
TCAL_13120,Similar to cadm3 Cell adhesion molecule 3 (Xenopus laevis),5.34E-05,1,NA,NA,NA,NA,1.259004095,0.032771359,1.243890811,0.038436147,NA,NA,NA,NA
TCAL_13129,Similar to DYNLRB2 Dynein light chain roadblock-type 2 (Bos taurus),0.001869029,4,NA,NA,NA,NA,NA,NA,NA,NA,0.491541091,0.061094469,NA,NA
TCAL_13139,Similar to Slc18b1 MFS-type transporter SLC18B1 (Mus musculus),4.74E-11,5,NA,NA,NA,NA,0.348140093,0.005954577,NA,NA,-0.464208423,6.57E-05,-0.453123869,0.000939769
TCAL_13144,Similar to HARBI1 Putative nuclease HARBI1 (Homo sapiens),2.09E-06,8,NA,NA,NA,NA,NA,NA,NA,NA,NA,NA,NA,NA
TCAL_13161,Similar to Hemagglutinin/amebocyte aggregation factor (Limulus polyphemus),8.85E-06,8,NA,NA,-0.281598217,0.026903502,NA,NA,-0.417079843,3.43E-05,NA,NA,NA,NA
TCAL_13171,Similar to 63 kDa sperm flagellar membrane protein (Strongylocentrotus purpuratus),0.000138204,1,NA,NA,NA,NA,NA,NA,NA,NA,1.279321385,0.006085489,NA,NA
TCAL_13173,Similar to Serine protease inhibitor dipetalogastin (Fragment) (Dipetalogaster maximus),1.67E-06,1,0.989803031,0.002848301,0.86377619,0.009056273,1.058214802,0.000199166,1.078926889,0.000124531,NA,NA,NA,NA
TCAL_13179,DNA topoisomerase 2-binding 1-A,NA,NA,NA,NA,NA,NA,0.339693526,0.059694551,NA,NA,NA,NA,NA,NA
TCAL_13183,Similar to ADGRG6 Adhesion G-protein coupled receptor G6 (Homo sapiens),0.010658202,8,NA,NA,NA,NA,NA,NA,NA,NA,NA,NA,NA,NA
TCAL_13195,Protein of unknown function,8.15E-09,8,NA,NA,-0.473076715,0.006899755,-0.675228827,5.14E-06,-0.571533477,0.000216108,NA,NA,NA,NA
TCAL_13197,Protein of unknown function,7.95E-09,2,0.441515227,0.066804087,0.438560872,0.037031839,0.606868678,0.00027365,NA,NA,-0.738498794,3.99E-06,NA,NA
TCAL_13198,Similar to Ugt1a6 UDP-glucuronosyltransferase 1-6 (Mus musculus),3.14E-05,1,NA,NA,NA,NA,NA,NA,0.383176365,0.02268364,NA,NA,NA,NA
TCAL_13203,PREDICTED: lachesin-like,2.68E-05,4,NA,NA,NA,NA,-0.773540536,0.043058424,NA,NA,0.83274769,0.030338417,NA,NA
TCAL_13213,"Similar to GOT1 Aspartate aminotransferase, cytoplasmic (Gallus gallus)",1.26E-10,8,NA,NA,NA,NA,NA,NA,-0.529257426,0.000727005,NA,NA,NA,NA
TCAL_13227,Similar to thrb Thyroid hormone receptor beta (Paralichthys olivaceus),8.60E-09,6,NA,NA,-1.117512707,0.00615983,-1.185768246,0.001735093,-1.208253023,0.001405896,NA,NA,NA,NA
TCAL_13235,Similar to Slc26a6 Solute carrier family 26 member 6 (Mus musculus),4.78E-05,7,NA,NA,NA,NA,NA,NA,0.291672028,0.031616835,NA,NA,NA,NA
TCAL_13240,Similar to mth2 G-protein coupled receptor Mth2 (Drosophila yakuba),0.000108907,2,NA,NA,NA,NA,0.803024094,0.061002472,NA,NA,-0.926252209,0.030132966,NA,NA
TCAL_13241,Similar to Mvd Diphosphomevalonate decarboxylase (Mus musculus),NA,NA,-0.347819513,0.039893312,NA,NA,-0.302485174,0.041314234,NA,NA,NA,NA,NA,NA
TCAL_13243,Similar to Cyp6a13 Probable cytochrome P450 6a13 (Drosophila melanogaster),9.89E-14,2,0.451649379,9.19E-05,0.505757201,1.77E-06,0.590798893,2.66E-09,NA,NA,-0.399521139,0.0003527,NA,NA
TCAL_13279,Similar to obst-E Protein obstructor-E (Drosophila melanogaster),NA,NA,NA,NA,NA,NA,2.423347896,0.082807293,2.710843021,0.039923271,NA,NA,NA,NA
TCAL_13288,Similar to slc46a1 Proton-coupled folate transporter (Xenopus laevis),3.25E-14,6,NA,NA,-0.529959666,0.007908749,-0.665598301,0.000134003,-1.002098443,2.04E-10,NA,NA,NA,NA
TCAL_13295,"Similar to Bco2 Beta,beta-carotene 9',10'-oxygenase (Mus musculus)",9.14E-05,8,NA,NA,NA,NA,-0.803792928,0.030719816,-0.92607601,0.008408841,NA,NA,NA,NA
TCAL_13309,Similar to MMEL1 Membrane metallo-endopeptidase-like 1 (Homo sapiens),NA,NA,NA,NA,NA,NA,0.579032428,0.01216786,NA,NA,-0.546884388,0.027539671,NA,NA
TCAL_13312,Similar to MAFK Transcription factor MafK (Homo sapiens),NA,NA,NA,NA,-0.616373552,0.044620538,NA,NA,-0.568509973,0.056416333,NA,NA,NA,NA
TCAL_13313,Protein of unknown function,2.95E-05,6,NA,NA,-0.47772238,0.059630364,-0.721673497,0.000213144,NA,NA,NA,NA,NA,NA
TCAL_13317,Protein of unknown function,0.011329812,4,NA,NA,NA,NA,NA,NA,NA,NA,NA,NA,NA,NA
TCAL_13352,Similar to CYP6K1 Cytochrome P450 6k1 (Blattella germanica),NA,NA,NA,NA,-0.344534936,0.092969049,NA,NA,NA,NA,NA,NA,NA,NA
TCAL_13378,"Similar to abcb6 ATP-binding cassette sub-family B member 6, mitochondrial (Xenopus tropicalis)",NA,NA,NA,NA,NA,NA,0.526614446,0.009740385,NA,NA,NA,NA,NA,NA
TCAL_13388,Similar to HTATSF1 HIV Tat-specific factor 1 (Homo sapiens),0.001061678,6,NA,NA,NA,NA,NA,NA,NA,NA,NA,NA,NA,NA
TCAL_13417,Similar to Cyp2u1 Cytochrome P450 2U1 (Mus musculus),4.42E-08,8,NA,NA,-0.48152797,0.004325281,NA,NA,-0.813212401,1.01E-08,-0.5823615,0.000309501,NA,NA
TCAL_13434,Similar to RIC8A Synembryn-A (Gallus gallus),5.00E-18,2,0.725126994,7.77E-09,0.744114526,8.68E-10,0.968159393,2.50E-17,NA,NA,-0.761004919,1.45E-10,NA,NA
TCAL_13435,Similar to folt-1 Folate transporter 1 (Caenorhabditis elegans),1.51E-10,4,NA,NA,-0.666727757,0.055706246,-1.125323592,2.69E-05,NA,NA,1.471728385,2.72E-09,0.78794867,0.055738135
TCAL_13447,Similar to Slc9a3 Sodium/hydrogen exchanger 3 (Mus musculus),3.22E-05,6,NA,NA,NA,NA,NA,NA,-0.451552397,0.002609754,NA,NA,NA,NA
TCAL_13456,Similar to FR FMRFamide receptor (Drosophila melanogaster),0.000320486,3,NA,NA,NA,NA,0.684360843,0.083125251,NA,NA,NA,NA,NA,NA
TCAL_13458,Similar to abhd11 Protein ABHD11 (Danio rerio),3.06E-05,2,NA,NA,NA,NA,0.458582806,0.001376469,NA,NA,-0.394508385,0.012307848,NA,NA
TCAL_13462,Similar to nhr-85 Nuclear hormone receptor family member nhr-85 (Caenorhabditis elegans),NA,NA,NA,NA,NA,NA,1.309388548,0.044186814,NA,NA,NA,NA,NA,NA
TCAL_13477,Similar to PITPNA Phosphatidylinositol transfer protein alpha isoform (Homo sapiens),2.90E-10,8,NA,NA,NA,NA,-0.360920682,0.028852762,-0.589035717,2.42E-05,NA,NA,NA,NA
TCAL_13485,Protein of unknown function,NA,NA,NA,NA,NA,NA,NA,NA,NA,NA,-0.600720982,0.070627661,NA,NA
TCAL_13502,Similar to zig-8 Zwei Ig domain protein zig-8 (Caenorhabditis elegans),0.000141744,7,NA,NA,NA,NA,0.565829181,0.020831891,0.631189298,0.006511916,NA,NA,NA,NA
TCAL_13505,Similar to TRPM3 Transient receptor potential cation channel subfamily M member 3 (Homo sapiens),8.77E-06,8,NA,NA,NA,NA,NA,NA,-0.718950669,0.079504384,NA,NA,NA,NA
TCAL_13524,Similar to ANP2 Mitogen-activated protein kinase kinase kinase 2 (Arabidopsis thaliana),9.37E-05,8,NA,NA,NA,NA,NA,NA,-0.580558457,0.017799053,NA,NA,NA,NA
TCAL_13569,Similar to SLC46A3 Solute carrier family 46 member 3 (Pongo abelii),2.62E-07,8,NA,NA,-0.572712179,0.012842777,-0.89265103,2.64E-06,NA,NA,0.554735248,0.022509073,NA,NA
TCAL_13574,Protein of unknown function,1.01E-08,6,NA,NA,-0.465128028,8.00E-05,-0.370598369,0.002705542,-0.498620941,7.72E-06,NA,NA,NA,NA
TCAL_13616,Protein of unknown function,NA,NA,NA,NA,NA,NA,-0.333751112,0.065073072,NA,NA,NA,NA,NA,NA
TCAL_13621,Similar to TSPAN11 Tetraspanin-11 (Homo sapiens),3.74E-06,8,NA,NA,-0.497040586,0.000454238,-0.385092479,0.01079269,-0.519749829,0.000108678,NA,NA,NA,NA
TCAL_13642,Similar to PNLIP Pancreatic triacylglycerol lipase (Fragment) (Myocastor coypus),7.57E-06,6,NA,NA,-0.476978818,0.069088327,-0.603202468,0.005078576,-0.626858308,0.003189132,NA,NA,NA,NA
TCAL_13645,kelch domain-containing 8A-like,NA,NA,NA,NA,NA,NA,NA,NA,-0.83432344,0.051940608,NA,NA,NA,NA
TCAL_13673,"Similar to B3GALT1 Beta-1,3-galactosyltransferase 1 (Pongo pygmaeus)",4.75E-05,1,NA,NA,NA,NA,NA,NA,1.753763781,0.003752949,NA,NA,NA,NA
TCAL_13686,Similar to Tret1-2 Facilitated trehalose transporter Tret1-2 homolog (Drosophila sechellia),3.81E-05,4,NA,NA,NA,NA,NA,NA,NA,NA,0.225854814,0.062763451,NA,NA
TCAL_13692,Similar to Best3 Bestrophin-3 (Mus musculus),0.000584607,2,NA,NA,NA,NA,NA,NA,NA,NA,-0.847299707,0.024333389,NA,NA
TCAL_13698,Protein of unknown function,0.010065811,1,NA,NA,NA,NA,NA,NA,2.528520506,0.057515297,NA,NA,NA,NA
TCAL_13714,Similar to CRYAB Alpha-crystallin B chain (Squalus acanthias),NA,NA,NA,NA,NA,NA,0.455100393,0.036211923,NA,NA,NA,NA,NA,NA
TCAL_13715,Similar to CRYAB Alpha-crystallin B chain (Gallus gallus),2.08E-06,8,NA,NA,-0.674542975,0.055297015,NA,NA,-1.009373837,0.000199497,NA,NA,NA,NA
TCAL_13736,chitin deacetylase 5 isoform X6,4.43E-13,4,-1.748043595,0.011057183,-2.018603689,0.000914497,-2.144562207,0.00021427,NA,NA,2.176352787,0.00020159,NA,NA
TCAL_13757,"Similar to B3GALT1 Beta-1,3-galactosyltransferase 1 (Pongo pygmaeus)",0.001106709,4,NA,NA,NA,NA,NA,NA,NA,NA,NA,NA,NA,NA
TCAL_13773,Similar to ABCC1 Multidrug resistance-associated protein 1 (Gallus gallus),0.000308925,2,NA,NA,NA,NA,0.676656581,0.041314234,NA,NA,-0.934230366,0.002400041,NA,NA
TCAL_13780,Similar to Slc34a2 Sodium-dependent phosphate transport protein 2B (Rattus norvegicus),1.27E-07,1,NA,NA,NA,NA,NA,NA,1.304865575,0.001867407,0.886871202,0.080175075,NA,NA
TCAL_13793,Similar to Fbxl7 F-box/LRR-repeat protein 7 (Mus musculus),9.76E-05,1,NA,NA,NA,NA,NA,NA,0.69873538,0.054323902,NA,NA,NA,NA
TCAL_13801,chitin deacetylase 2 isoform A precursor,0.000164178,1,NA,NA,NA,NA,NA,NA,1.100357845,0.05248684,NA,NA,NA,NA
TCAL_13810,Similar to urad 2-oxo-4-hydroxy-4-carboxy-5-ureidoimidazoline decarboxylase (Amia calva),8.46E-52,8,-0.66327502,1.54E-06,-1.186971979,1.12E-21,-1.449148185,5.52E-32,-1.031156816,7.58E-17,0.41799137,0.022187045,0.785873165,1.45E-07
TCAL_13839,Protein of unknown function,NA,NA,NA,NA,0.529864965,0.082091098,NA,NA,NA,NA,NA,NA,NA,NA
TCAL_13852,macrophage mannose receptor 1,NA,NA,NA,NA,NA,NA,NA,NA,-0.212301677,0.034357818,NA,NA,NA,NA
TCAL_13889,Similar to dut Deoxyuridine 5'-triphosphate nucleotidohydrolase (Clostridium kluyveri (strain ATCC 8527 / DSM 555 / NCIMB 10680)),0.002490502,8,NA,NA,-1.351123514,0.008365163,NA,NA,NA,NA,NA,NA,NA,NA
TCAL_13893,Similar to fabG 3-oxoacyl-[acyl-carrier-protein] reductase FabG (Staphylococcus aureus (strain MW2)),9.92E-12,2,0.534646773,0.000728124,0.598397196,3.24E-05,0.902481308,1.32E-12,NA,NA,-0.632120099,4.81E-06,NA,NA
TCAL_13962,Protein of unknown function,NA,NA,NA,NA,2.242783041,0.030614875,NA,NA,NA,NA,NA,NA,NA,NA
TCAL_13992,Protein of unknown function,8.38E-06,1,NA,NA,NA,NA,0.636558039,0.01168409,0.729123835,0.001991869,NA,NA,NA,NA
TCAL_14009,Similar to FR FMRFamide receptor (Drosophila melanogaster),2.65E-07,2,0.478049814,0.005421984,0.460909729,0.004023475,0.554805592,9.21E-05,NA,NA,-0.36309883,0.038301983,NA,NA
TCAL_14010,Similar to Antp Homeotic protein antennapedia (Drosophila melanogaster),0.001201486,1,NA,NA,NA,NA,0.413084768,0.08619556,NA,NA,NA,NA,NA,NA
TCAL_14024,Similar to SPBC1683.06c Uncharacterized protein C1683.06c (Schizosaccharomyces pombe (strain 972 / ATCC 24843)),5.53E-07,7,NA,NA,0.496240312,0.016410668,0.543058793,0.003554695,0.688838321,4.44E-05,NA,NA,NA,NA
TCAL_14025,Protein of unknown function,3.04E-10,7,0.720571357,0.0013111,0.816416098,4.90E-05,1.082175895,2.49E-09,1.0948318,1.41E-09,NA,NA,NA,NA
TCAL_14204,Protein of unknown function,1.55E-13,4,NA,NA,NA,NA,-1.985607712,0.000272604,NA,NA,2.807824647,4.91E-09,2.31848861,5.73E-05
TCAL_14218,Protein of unknown function,3.34E-07,2,NA,NA,NA,NA,NA,NA,-1.07703587,0.037048865,-1.834963177,1.03E-05,NA,NA
TCAL_14248,Similar to NPR3 Atrial natriuretic peptide receptor 3 (Bos taurus),NA,NA,NA,NA,NA,NA,-1.508494247,0.070820543,NA,NA,1.636326435,0.050003699,NA,NA
TCAL_14261,Protein of unknown function,NA,NA,NA,NA,NA,NA,0.436489087,0.025540128,0.38687567,0.067574044,NA,NA,NA,NA
TCAL_14264,Protein of unknown function,1.03E-05,7,NA,NA,0.335320626,0.0273336,0.356448353,0.009513951,0.400190612,0.001991869,NA,NA,NA,NA
TCAL_14268,Similar to yajO Uncharacterized oxidoreductase YajO (Escherichia coli (strain K12)),NA,NA,NA,NA,-0.354263906,0.099242042,NA,NA,NA,NA,NA,NA,NA,NA
TCAL_14294,Similar to sto-2 Stomatin-2 (Caenorhabditis elegans),0.000757953,1,NA,NA,NA,NA,NA,NA,0.38840668,0.0317333,NA,NA,NA,NA
TCAL_14298,Similar to UTP23 rRNA-processing protein UTP23 homolog (Bos taurus),0.003550824,4,NA,NA,NA,NA,NA,NA,NA,NA,NA,NA,NA,NA
TCAL_14333,Protein of unknown function,4.17E-06,6,NA,NA,NA,NA,NA,NA,-0.656352907,0.000106287,-0.595011924,0.000972995,NA,NA
TCAL_14334,nucleoporin GLE1-like isoform X3,NA,NA,NA,NA,NA,NA,0.491791993,0.048772794,NA,NA,NA,NA,NA,NA
TCAL_14335,PREDICTED: prosaposin,0.000206253,8,NA,NA,-0.334120364,0.059630364,-0.341482364,0.032771359,-0.43145879,0.002537478,NA,NA,NA,NA
TCAL_14356,Protein of unknown function,NA,NA,NA,NA,NA,NA,NA,NA,NA,NA,0.533752307,0.069609475,NA,NA
TCAL_14359,Protein of unknown function,NA,NA,0.379638975,0.066804087,NA,NA,NA,NA,NA,NA,NA,NA,NA,NA
TCAL_14360,Similar to GA18377 Coiled-coil and C2 domain-containing protein 1-like (Drosophila pseudoobscura pseudoobscura),0.00105052,5,NA,NA,NA,NA,NA,NA,NA,NA,NA,NA,NA,NA
TCAL_14367,Similar to Prrc2c Protein PRRC2C (Mus musculus),0.0014584,1,NA,NA,NA,NA,NA,NA,NA,NA,0.18559204,0.089619669,NA,NA
TCAL_14384,Similar to Gramd1a GRAM domain-containing protein 1A (Rattus norvegicus),0.000145459,9,NA,NA,NA,NA,NA,NA,-0.237097669,0.029410978,-0.220649994,0.063472536,NA,NA
TCAL_14385,Protein of unknown function,3.72E-07,1,NA,NA,NA,NA,NA,NA,1.05558729,0.004820014,0.900151723,0.030338417,NA,NA
TCAL_14386,Protein of unknown function,NA,NA,NA,NA,NA,NA,NA,NA,NA,NA,-0.340853408,0.074444844,NA,NA
TCAL_14390,Similar to nhr-91 Nuclear hormone receptor family member nhr-91 (Caenorhabditis elegans),0.000512027,5,NA,NA,NA,NA,NA,NA,NA,NA,-0.46877835,0.00626967,NA,NA
TCAL_14398,Similar to Cuticle protein 6 (Blaberus craniifer),0.001268224,4,NA,NA,NA,NA,NA,NA,NA,NA,NA,NA,NA,NA
TCAL_14448,Similar to Postn Periostin (Mus musculus),9.98E-06,3,0.38086473,0.025979038,0.365810508,0.01877978,0.485451492,0.000187861,0.426194785,0.001674492,NA,NA,NA,NA
TCAL_14493,Similar to Ank3 Ankyrin-3 (Mus musculus),NA,NA,NA,NA,NA,NA,NA,NA,NA,NA,1.309947378,0.05788318,NA,NA
TCAL_14523,Similar to EDEM3 ER degradation-enhancing alpha-mannosidase-like protein 3 (Homo sapiens),1.10E-06,7,NA,NA,NA,NA,0.658585854,0.039384031,0.870227887,0.001696951,NA,NA,NA,NA
TCAL_14535,Similar to per Period circadian protein (Periplaneta americana),3.77E-13,1,NA,NA,0.585016741,0.001614087,0.54334384,0.003087846,0.991890471,6.03E-11,0.448546631,0.023590865,NA,NA
TCAL_14554,Protein of unknown function,NA,NA,NA,NA,NA,NA,NA,NA,NA,NA,0.70534721,0.083754213,NA,NA
TCAL_14591,Similar to cwo Transcription factor cwo (Drosophila melanogaster),1.34E-54,7,0.745247798,2.22E-06,1.497904071,2.47E-29,1.64149407,1.11E-35,1.837773911,3.63E-45,NA,NA,-0.896246272,8.82E-10
TCAL_14617,Protein of unknown function,2.36E-05,2,NA,NA,NA,NA,0.662965104,0.000425691,NA,NA,-0.780473128,1.56E-05,NA,NA
TCAL_14633,Similar to FR FMRFamide receptor (Drosophila melanogaster),0.005700398,1,NA,NA,NA,NA,NA,NA,1.022148488,0.043654644,NA,NA,NA,NA
TCAL_14651,Protein of unknown function,0.001813028,5,NA,NA,NA,NA,NA,NA,NA,NA,-1.468352579,0.000890339,NA,NA
TCAL_14662,Protein of unknown function,6.91E-18,2,1.174323077,4.66E-06,1.178310387,2.07E-06,1.640792341,3.19E-13,NA,NA,-2.090029587,6.41E-21,NA,NA
TCAL_14669,Protein of unknown function,1.61E-12,9,NA,NA,NA,NA,NA,NA,-2.770777021,1.94E-19,-3.30354178,1.68E-28,NA,NA
TCAL_14685,probable sarcosine oxidase,0.000606774,7,0.655481155,0.059608685,0.66500864,0.025174824,0.591034468,0.043891087,NA,NA,NA,NA,NA,NA
TCAL_14702,Similar to Sqstm1 Sequestosome-1 (Rattus norvegicus),NA,NA,NA,NA,NA,NA,NA,NA,NA,NA,-0.601024117,0.033912207,NA,NA
TCAL_14749,Protein of unknown function,1.88E-14,3,0.545989131,2.12E-07,0.562988538,2.55E-08,0.822246628,1.27E-18,0.471639373,4.90E-06,-0.350607256,0.002766222,NA,NA
TCAL_14754,Protein of unknown function,6.71E-32,9,-0.790460317,0.000348435,-0.668115931,0.002719584,NA,NA,-2.707774543,1.71E-44,-2.540095387,7.00E-39,-0.62278116,0.026809138
TCAL_14774,Protein of unknown function,1.80E-40,7,0.434000172,1.49E-06,0.612239766,3.22E-14,0.86212015,3.69E-29,0.791894642,1.92E-24,NA,NA,-0.428119978,4.28E-06
TCAL_14782,Protein of unknown function,1.99E-05,2,NA,NA,0.48074054,0.065419089,0.630405713,0.00252971,NA,NA,-0.485688707,0.04852826,NA,NA
TCAL_14797,Similar to hil-4 Histone H1.4 (Caenorhabditis elegans),0.00245898,4,NA,NA,NA,NA,NA,NA,0.499027009,0.007996976,NA,NA,NA,NA
TCAL_14798,Similar to Gmcl1 Germ cell-less protein-like 1 (Mus musculus),4.82E-15,4,NA,NA,-0.732292943,0.003355979,-2.164568901,1.52E-27,NA,NA,2.419032377,8.50E-35,1.9859832,8.87E-22
TCAL_14809,Protein of unknown function,1.72E-08,8,NA,NA,NA,NA,NA,NA,-0.748474411,1.42E-07,-0.519878199,0.001477833,NA,NA
TCAL_14824,Protein of unknown function,NA,NA,NA,NA,NA,NA,NA,NA,-0.305997892,0.021089967,NA,NA,NA,NA
TCAL_14830,Protein of unknown function,0.000190953,8,NA,NA,NA,NA,NA,NA,-0.409413318,0.010835815,NA,NA,NA,NA
TCAL_14833,Protein of unknown function,3.41E-05,8,NA,NA,NA,NA,NA,NA,-0.646070116,0.008872208,NA,NA,NA,NA
TCAL_14856,Protein of unknown function,9.41E-05,4,NA,NA,NA,NA,NA,NA,1.165932589,0.007606749,1.027750021,0.03111414,NA,NA
TCAL_14868,Protein of unknown function,0.000108142,1,NA,NA,NA,NA,NA,NA,0.403721686,0.028702907,NA,NA,NA,NA
TCAL_14908,Similar to tatD 3'-5' ssDNA/RNA exonuclease TatD (Edwardsiella tarda (strain EIB202)),NA,NA,NA,NA,NA,NA,0.393077053,0.094115451,NA,NA,NA,NA,NA,NA
TCAL_14913,Similar to TMEM18 Transmembrane protein 18 (Gallus gallus),NA,NA,NA,NA,NA,NA,0.417779072,0.098861017,NA,NA,NA,NA,NA,NA
TCAL_14918,Similar to Kdm8 Lysine-specific demethylase 8 (Rattus norvegicus),6.88E-07,2,NA,NA,NA,NA,NA,NA,NA,NA,-1.040926941,0.000791758,NA,NA
TCAL_14941,Similar to rnf144ab Probable E3 ubiquitin-protein ligase RNF144A-B (Danio rerio),NA,NA,NA,NA,NA,NA,0.497225768,0.014849618,NA,NA,-0.426424931,0.067293146,NA,NA
TCAL_14946,Protein of unknown function,NA,NA,NA,NA,NA,NA,NA,NA,0.708298259,0.039782267,NA,NA,NA,NA
TCAL_14951,oxidoreductase -like,3.46E-06,2,0.891442577,0.070498754,NA,NA,1.338080935,3.30E-05,NA,NA,-1.274262156,0.000107078,NA,NA
TCAL_14953,Protein of unknown function,0.000271077,6,NA,NA,NA,NA,NA,NA,NA,NA,NA,NA,NA,NA
TCAL_14958,Protein of unknown function,0.000463918,2,NA,NA,NA,NA,NA,NA,NA,NA,-0.347617897,0.036910133,NA,NA
TCAL_14960,Similar to Cebpg CCAAT/enhancer-binding protein gamma (Mus musculus),NA,NA,NA,NA,NA,NA,NA,NA,-0.36976791,0.021110211,NA,NA,NA,NA
TCAL_14971,Similar to SDCBP Syntenin-1 (Homo sapiens),0.000268891,5,NA,NA,NA,NA,0.189704457,0.070820543,NA,NA,NA,NA,NA,NA
TCAL_15011,Protein of unknown function,NA,NA,NA,NA,NA,NA,NA,NA,NA,NA,0.953615191,0.091925027,NA,NA
TCAL_15032,Similar to colt Congested-like trachea protein (Drosophila melanogaster),5.83E-22,4,-0.341247016,0.006635376,-0.534411313,5.02E-08,-0.711366377,1.15E-14,NA,NA,0.64578212,6.58E-12,0.370119362,0.004839232
TCAL_15036,Protein of unknown function,NA,NA,NA,NA,NA,NA,NA,NA,2.65983431,0.051716535,NA,NA,NA,NA
TCAL_15085,Similar to CG9705 Cold shock domain-containing protein CG9705 (Drosophila melanogaster),0.003242044,3,0.233594467,0.062759186,NA,NA,0.225356428,0.027929105,0.243504645,0.013899438,NA,NA,NA,NA
TCAL_15105,Similar to Ccdc169 Coiled-coil domain-containing protein 169 (Mus musculus),0.003793893,8,NA,NA,NA,NA,NA,NA,NA,NA,NA,NA,1.395295515,0.095431863
TCAL_15109,Similar to THAP5 THAP domain-containing protein 5 (Gallus gallus),0.001006711,4,NA,NA,NA,NA,NA,NA,NA,NA,0.397450441,0.082050466,NA,NA
TCAL_15112,Protein of unknown function,0.000759156,7,NA,NA,NA,NA,0.405153835,0.016217908,0.355375183,0.051940608,NA,NA,NA,NA
TCAL_15121,Similar to CES5A Carboxylesterase 5A (Canis lupus familiaris),4.21E-05,8,NA,NA,NA,NA,NA,NA,-1.484531771,0.015063001,NA,NA,NA,NA
TCAL_15160,Protein of unknown function,NA,NA,NA,NA,NA,NA,NA,NA,NA,NA,-0.644125144,0.061777402,NA,NA
TCAL_15167,Similar to DUSP3 Dual specificity protein phosphatase 3 (Pongo abelii),9.96E-05,1,NA,NA,NA,NA,NA,NA,NA,NA,NA,NA,NA,NA
TCAL_15179,Similar to ZNF845 Zinc finger protein 845 (Homo sapiens),0.00017376,2,NA,NA,1.01767269,0.067068136,NA,NA,NA,NA,NA,NA,NA,NA
TCAL_15180,Protein of unknown function,0.000312246,5,NA,NA,NA,NA,NA,NA,NA,NA,NA,NA,NA,NA
TCAL_15187,Protein of unknown function,NA,NA,NA,NA,NA,NA,NA,NA,0.627443084,0.064256567,NA,NA,NA,NA
TCAL_15192,Protein of unknown function,2.17E-07,3,0.349941865,0.083061593,0.405377069,0.010163374,0.550386697,3.65E-05,0.544476108,4.12E-05,NA,NA,NA,NA
TCAL_15195,Similar to setd7 Histone-lysine N-methyltransferase SETD7 (Halocynthia roretzi),2.85E-10,5,NA,NA,0.73970724,0.000141123,0.876886963,8.63E-07,0.669927396,0.000567538,NA,NA,-0.64168859,0.006085232
TCAL_15224,Similar to Sptlc2 Serine palmitoyltransferase 2 (Mus musculus),1.35E-13,8,NA,NA,NA,NA,NA,NA,-0.349775683,4.23E-07,-0.194237835,0.033912207,NA,NA
TCAL_15227,Protein of unknown function,NA,NA,NA,NA,NA,NA,0.490073595,0.040427818,0.484414308,0.047226172,NA,NA,NA,NA
TCAL_15229,Protein of unknown function,1.69E-05,1,NA,NA,NA,NA,NA,NA,NA,NA,0.350911015,0.037022324,NA,NA
TCAL_15240,Protein of unknown function,0.000162557,8,NA,NA,-0.648694267,0.033263565,NA,NA,-0.927354905,0.000194293,-0.701404878,0.01813797,NA,NA
TCAL_15244,Protein of unknown function,3.77E-05,8,-0.592060006,0.00712847,-0.421338296,0.083370577,NA,NA,-0.440128625,0.042597714,NA,NA,NA,NA
TCAL_15249,Similar to zig-8 Zwei Ig domain protein zig-8 (Caenorhabditis elegans),0.00023752,1,NA,NA,NA,NA,NA,NA,0.605902194,0.076704994,NA,NA,NA,NA
TCAL_15258,Protein of unknown function,NA,NA,NA,NA,NA,NA,0.618304954,0.073656772,NA,NA,-0.643591563,0.073341391,NA,NA
TCAL_15272,Protein of unknown function,0.002898634,6,NA,NA,NA,NA,NA,NA,-0.467761894,0.051716535,NA,NA,NA,NA
TCAL_15289,Protein of unknown function,NA,NA,NA,NA,NA,NA,0.749949301,0.090410593,NA,NA,NA,NA,NA,NA
TCAL_15296,Protein of unknown function,1.01E-27,7,0.516060355,1.85E-05,0.746432121,1.49E-12,0.834185287,3.68E-16,0.981624501,1.91E-22,NA,NA,-0.318124932,0.072282652
TCAL_15311,Protein of unknown function,NA,NA,NA,NA,1.51795711,0.092995451,NA,NA,NA,NA,NA,NA,NA,NA
TCAL_15314,Protein of unknown function,8.00E-05,6,NA,NA,NA,NA,-0.298603072,0.060978929,-0.387945438,0.005587267,NA,NA,NA,NA
TCAL_15317,Protein of unknown function,NA,NA,NA,NA,NA,NA,-0.373606596,0.036835189,NA,NA,NA,NA,NA,NA
TCAL_15334,Similar to Uncharacterized protein C16orf52 homolog B (Xenopus laevis),0.002179946,6,NA,NA,-0.531947156,0.060067119,-0.476520224,0.081575694,NA,NA,NA,NA,NA,NA
TCAL_15340,Similar to NTM Neurotrimin (Bos taurus),9.71E-06,2,NA,NA,NA,NA,0.655955245,0.003424564,NA,NA,-0.49994257,0.056950984,-0.6611145,0.019886314
TCAL_15341,Protein of unknown function,2.07E-06,4,NA,NA,NA,NA,-0.370406765,0.053234655,NA,NA,0.520692688,0.00163391,NA,NA
TCAL_15355,Protein of unknown function,NA,NA,NA,NA,NA,NA,0.635148465,0.07511986,NA,NA,NA,NA,NA,NA
TCAL_15361,Protein of unknown function,0.000182388,8,NA,NA,NA,NA,NA,NA,NA,NA,NA,NA,NA,NA
TCAL_15381,dentin sialophospho -like,6.47E-05,6,NA,NA,NA,NA,NA,NA,-0.280782759,0.000718904,NA,NA,NA,NA
TCAL_15384,Protein of unknown function,NA,NA,NA,NA,NA,NA,-1.135408488,0.098778381,NA,NA,NA,NA,NA,NA
TCAL_15405,"Similar to msta Protein msta, isoform A (Drosophila melanogaster)",0.000213975,1,NA,NA,NA,NA,0.32753903,0.036725146,NA,NA,NA,NA,-0.344592974,0.09775793
TCAL_15426,Similar to CAALFM_C102740CA NAD-dependent protein deacylase (Candida albicans (strain SC5314 / ATCC MYA-2876)),0.000580836,2,NA,NA,NA,NA,NA,NA,NA,NA,-0.334230984,0.08512094,NA,NA
TCAL_15431,Protein of unknown function,6.71E-08,6,NA,NA,NA,NA,-0.572616193,0.018833656,-0.69912482,0.002201685,NA,NA,NA,NA
TCAL_15444,Similar to ivns1abp Influenza virus NS1A-binding protein homolog (Xenopus laevis),1.48E-05,2,NA,NA,0.903903804,0.070801233,1.079434824,0.008427127,NA,NA,NA,NA,NA,NA
TCAL_15452,Protein of unknown function,NA,NA,NA,NA,NA,NA,-0.425772219,0.058364678,NA,NA,NA,NA,NA,NA
TCAL_15456,Protein of unknown function,NA,NA,NA,NA,NA,NA,-0.83587735,0.058616626,NA,NA,1.054988965,0.008405684,NA,NA
TCAL_15466,Similar to Jag1 Protein jagged-1 (Mus musculus),NA,NA,NA,NA,NA,NA,-0.408103226,0.019988127,NA,NA,NA,NA,NA,NA
TCAL_15489,nuclease HARBI1,NA,NA,NA,NA,NA,NA,-0.850456216,0.093055953,NA,NA,NA,NA,NA,NA
TCAL_15528,Protein of unknown function,4.72E-06,8,NA,NA,-1.051327818,0.002959365,-1.107164043,0.000897302,-0.848213055,0.02215834,NA,NA,NA,NA
TCAL_15537,Protein of unknown function,NA,NA,NA,NA,NA,NA,NA,NA,NA,NA,-0.644733393,0.044686767,NA,NA
TCAL_15545,Similar to Trypsin-1 (Astacus astacus),1.57E-07,8,NA,NA,NA,NA,-0.220259088,0.001681202,-0.255592895,0.000103432,NA,NA,NA,NA
TCAL_15566,Similar to bacC Dihydroanticapsin 7-dehydrogenase (Bacillus subtilis),NA,NA,NA,NA,NA,NA,NA,NA,0.384899547,0.049008698,NA,NA,NA,NA
TCAL_15575,Protein of unknown function,0.000794648,5,NA,NA,NA,NA,0.305006446,0.065073072,NA,NA,NA,NA,NA,NA
TCAL_15609,Protein of unknown function,NA,NA,NA,NA,1.643401519,0.044497621,NA,NA,NA,NA,NA,NA,NA,NA
TCAL_15610,Protein of unknown function,0.006589262,4,NA,NA,NA,NA,NA,NA,1.271180059,0.010244463,1.31170729,0.009736186,NA,NA
TCAL_15669,Protein of unknown function,NA,NA,NA,NA,NA,NA,NA,NA,0.387454017,0.048144309,NA,NA,NA,NA
TCAL_15698,Similar to PGRMC1 Membrane-associated progesterone receptor component 1 (Gallus gallus),2.83E-05,4,NA,NA,NA,NA,-1.274326861,0.028226329,NA,NA,NA,NA,1.363251256,0.065821177
TCAL_15704,Similar to Elmod2 ELMO domain-containing protein 2 (Mus musculus),0.003268846,4,NA,NA,NA,NA,NA,NA,NA,NA,NA,NA,NA,NA
TCAL_15706,Protein of unknown function,NA,NA,NA,NA,NA,NA,NA,NA,-0.39977796,0.02666811,NA,NA,NA,NA
TCAL_15708,Protein of unknown function,2.86E-09,4,NA,NA,NA,NA,-0.664245344,1.02E-06,NA,NA,0.768559985,4.39E-09,0.673321038,7.08E-06
TCAL_15717,Protein of unknown function,0.000133162,9,NA,NA,NA,NA,NA,NA,-0.804226618,0.000775475,NA,NA,NA,NA
TCAL_15749,Protein of unknown function,NA,NA,1.476644725,0.046026693,NA,NA,NA,NA,NA,NA,NA,NA,1.468205893,0.065821177
TCAL_15764,Similar to Shroom2 Protein Shroom2 (Rattus norvegicus),1.52E-07,5,NA,NA,NA,NA,0.344327405,0.001375453,NA,NA,-0.358479582,0.00090664,-0.318421749,0.021448461
TCAL_15812,Similar to nAChRbeta1 Acetylcholine receptor subunit beta-like 1 (Drosophila melanogaster),0.003176642,4,NA,NA,NA,NA,NA,NA,NA,NA,1.330303394,0.061319601,NA,NA
TCAL_15813,HCLS1-associated X-1,0.000279509,8,NA,NA,-0.377531306,0.025174824,-0.33522946,0.04229942,NA,NA,NA,NA,NA,NA
TCAL_15816,Similar to SEMA-1A Semaphorin-1A (Schistocerca americana),0.000163913,1,NA,NA,NA,NA,NA,NA,0.411198514,0.037137299,NA,NA,NA,NA
TCAL_15829,Protein of unknown function,5.44E-06,8,NA,NA,NA,NA,NA,NA,NA,NA,NA,NA,NA,NA
TCAL_15830,Protein of unknown function,NA,NA,NA,NA,NA,NA,-0.574201689,0.026283987,NA,NA,NA,NA,NA,NA
TCAL_15840,Similar to RGP1 RAB6A-GEF complex partner protein 2 (Homo sapiens),3.23E-07,2,NA,NA,NA,NA,0.401751877,0.034782443,NA,NA,-0.584793648,0.000527284,NA,NA
TCAL_15852,Protein of unknown function,0.006594494,6,NA,NA,NA,NA,-3.441880464,0.030338145,NA,NA,NA,NA,NA,NA
TCAL_15853,Protein of unknown function,3.04E-39,8,-0.750449609,0.006690776,-2.175635765,9.21E-29,-2.178571683,4.47E-29,-2.2489462,5.85E-31,NA,NA,1.428122074,6.15E-11
TCAL_15860,Similar to Hsp67Bb Heat shock protein 67B2 (Drosophila melanogaster),4.51E-06,1,NA,NA,0.188519909,0.070973423,NA,NA,0.264128097,0.001040514,NA,NA,NA,NA
TCAL_15903,Protein of unknown function,NA,NA,NA,NA,NA,NA,NA,NA,0.603573782,0.074932936,NA,NA,NA,NA
TCAL_15910,Protein of unknown function,0.002035787,8,NA,NA,NA,NA,-0.239527401,0.077204267,NA,NA,NA,NA,NA,NA
TCAL_15929,Protein of unknown function,6.71E-12,4,NA,NA,-0.562523524,0.017018312,NA,NA,NA,NA,0.676774046,0.000573827,NA,NA
TCAL_15933,Similar to Dhfr Dihydrofolate reductase (Rattus norvegicus),0.000678112,9,NA,NA,NA,NA,NA,NA,-0.226455167,0.0764317,-0.276881262,0.018267394,NA,NA
TCAL_15941,Protein of unknown function,NA,NA,NA,NA,NA,NA,NA,NA,NA,NA,1.123561237,0.092901894,NA,NA
TCAL_15969,Protein of unknown function,0.001609102,5,NA,NA,NA,NA,NA,NA,-0.544837968,0.035512596,-0.49939378,0.080185145,NA,NA
TCAL_15992,Similar to KLKB1 Plasma kallikrein (Homo sapiens),3.96E-10,8,NA,NA,NA,NA,NA,NA,-1.154171335,0.000216108,NA,NA,NA,NA
TCAL_16003,Similar to sms-1 Phosphatidylcholine:ceramide cholinephosphotransferase 1 (Caenorhabditis elegans),1.09E-08,6,-0.222472724,0.048510253,-0.238926254,0.011191296,-0.176540525,0.088724397,-0.355246941,4.01E-06,NA,NA,NA,NA
TCAL_16010,Protein of unknown function,NA,NA,NA,NA,NA,NA,-0.430102814,0.026128957,NA,NA,NA,NA,NA,NA
TCAL_16027,Similar to nhl-1 RING finger protein nhl-1 (Caenorhabditis elegans),4.00E-05,7,NA,NA,NA,NA,0.407796427,0.052763015,0.50657762,0.007311654,NA,NA,NA,NA
TCAL_16031,Protein of unknown function,7.20E-48,2,NA,NA,0.425324199,0.000267545,0.514717807,1.16E-06,-0.734056,1.94E-11,-1.248773807,1.10E-35,-0.313347054,0.055738135
TCAL_16042,Protein of unknown function,0.003250378,4,NA,NA,NA,NA,NA,NA,NA,NA,0.32212432,0.064641685,NA,NA
TCAL_16063,Similar to opn1mw4 Green-sensitive opsin-4 (Danio rerio),4.82E-05,6,NA,NA,NA,NA,-0.19463191,0.08619556,-0.269912618,0.004931715,NA,NA,NA,NA
TCAL_16064,Similar to CanB2 Calcineurin subunit B type 2 (Drosophila melanogaster),0.000226511,4,NA,NA,NA,NA,NA,NA,NA,NA,0.289137271,0.04852826,NA,NA
TCAL_16083,Similar to Inx2 Innexin inx2 (Drosophila melanogaster),5.57E-05,5,NA,NA,NA,NA,0.889995608,0.008953627,NA,NA,NA,NA,-0.880946121,0.050428071
TCAL_16086,zinc finger BED domain-containing 1-like,NA,NA,NA,NA,NA,NA,NA,NA,0.338963138,0.044156831,NA,NA,NA,NA
TCAL_16127,Protein of unknown function,NA,NA,NA,NA,NA,NA,NA,NA,0.292944079,0.060405653,NA,NA,NA,NA
TCAL_16129,Protein of unknown function,1.11E-06,8,NA,NA,-0.891969516,0.017352101,-0.901066014,0.010559595,-1.050224054,0.001306387,NA,NA,NA,NA
TCAL_16166,Similar to mpv17 Protein Mpv17 (Xenopus laevis),5.16E-07,2,0.543088145,0.001232725,0.545162429,0.000517906,0.483407219,0.002496327,NA,NA,NA,NA,NA,NA
TCAL_16207,Similar to Zfp36l3 mRNA decay activator protein ZFP36L3 (Mus musculus),0.00136316,1,NA,NA,NA,NA,NA,NA,NA,NA,NA,NA,NA,NA
TCAL_16215,Similar to ARHGEF12 Rho guanine nucleotide exchange factor 12 (Homo sapiens),NA,NA,NA,NA,NA,NA,NA,NA,1.135281541,0.072063243,NA,NA,NA,NA
TCAL_16225,Similar to KLHDC2 Kelch domain-containing protein 2 (Homo sapiens),2.49E-05,7,NA,NA,NA,NA,NA,NA,0.459550816,0.002300454,NA,NA,NA,NA
TCAL_16233,Protein of unknown function,0.014829241,2,1.325731401,0.05373449,NA,NA,NA,NA,NA,NA,NA,NA,NA,NA
TCAL_16240,Protein of unknown function,NA,NA,NA,NA,-0.264811227,0.060865976,NA,NA,NA,NA,NA,NA,NA,NA
TCAL_16241,Similar to Tgfbi Transforming growth factor-beta-induced protein ig-h3 (Mus musculus),2.37E-11,8,NA,NA,-0.615734754,0.01102866,NA,NA,-1.319717048,2.31E-12,-0.876178324,3.06E-05,NA,NA
TCAL_16242,Protein of unknown function,8.31E-08,2,NA,NA,0.507633504,0.001713981,0.536159061,0.000390577,NA,NA,NA,NA,NA,NA
TCAL_16252,Protein of unknown function,NA,NA,NA,NA,NA,NA,NA,NA,-0.198790206,0.097987347,NA,NA,NA,NA
TCAL_16255,Similar to ACVR1 Activin receptor type-1 (Gallus gallus),0.000675683,2,NA,NA,NA,NA,NA,NA,NA,NA,NA,NA,NA,NA
TCAL_16259,Protein of unknown function,1.20E-06,8,NA,NA,-0.543765127,0.023341226,-0.627446489,0.002988956,NA,NA,NA,NA,NA,NA
TCAL_16261,Similar to Jph3 Junctophilin-3 (Mus musculus),2.54E-09,5,NA,NA,NA,NA,NA,NA,-0.385443662,0.000924005,-0.363614909,0.003107448,NA,NA
TCAL_16265,Similar to stard3 StAR-related lipid transfer protein 3 (Fragment) (Salvelinus fontinalis),0.000932422,8,NA,NA,NA,NA,NA,NA,-0.272624823,0.00594382,NA,NA,NA,NA
TCAL_16268,Similar to Sox14 Putative transcription factor SOX-14 (Drosophila melanogaster),4.78E-05,5,NA,NA,NA,NA,0.326984499,0.047103019,NA,NA,-0.437438727,0.00357665,-0.430944753,0.019886314
TCAL_16277,Similar to RDH12 Retinol dehydrogenase 12 (Bos taurus),NA,NA,NA,NA,NA,NA,NA,NA,-0.302150335,0.016663424,NA,NA,NA,NA
TCAL_16282,Similar to TIPIN TIMELESS-interacting protein (Bos taurus),NA,NA,NA,NA,NA,NA,-0.88646292,0.052674847,NA,NA,0.870255814,0.07731349,NA,NA
TCAL_16324,Protein of unknown function,NA,NA,NA,NA,NA,NA,-0.527081821,0.076607078,NA,NA,NA,NA,NA,NA
TCAL_16336,Similar to Klf15 Krueppel-like factor 15 (Mus musculus),0.000325243,8,NA,NA,NA,NA,NA,NA,NA,NA,NA,NA,NA,NA
TCAL_16344,Protein of unknown function,NA,NA,NA,NA,NA,NA,NA,NA,-0.823128795,0.075806033,NA,NA,NA,NA
TCAL_16350,Similar to onecut Homeobox protein onecut (Drosophila melanogaster),4.43E-05,5,NA,NA,NA,NA,NA,NA,-0.649846367,0.051255989,-0.896375094,0.001615552,NA,NA
TCAL_16376,Protein of unknown function,0.000746651,4,NA,NA,NA,NA,-0.194930651,0.009687799,NA,NA,0.189191495,0.017416007,NA,NA
TCAL_16400,Similar to TSPAN3 Tetraspanin-3 (Pongo abelii),2.45E-12,2,0.38887783,0.01535542,0.551243837,8.07E-06,0.668158456,5.33E-09,NA,NA,-0.433897122,0.000972995,NA,NA
TCAL_16422,Protein of unknown function,NA,NA,NA,NA,NA,NA,0.62491405,0.088447395,NA,NA,NA,NA,NA,NA
TCAL_16428,Similar to Leech-derived tryptase inhibitor C (Hirudo medicinalis),3.49E-07,8,NA,NA,-0.481445552,0.021968816,NA,NA,-0.801877043,8.91E-07,-0.476148328,0.02213297,NA,NA
TCAL_16450,Protein of unknown function,1.55E-07,1,NA,NA,NA,NA,NA,NA,NA,NA,NA,NA,-0.831174023,0.017938895
TCAL_16451,basic proline-rich -like isoform X1,NA,NA,NA,NA,6.24392345,1.21E-06,NA,NA,NA,NA,NA,NA,NA,NA
TCAL_16480,balbiani ring 3-like isoform X1,0.001480664,5,NA,NA,NA,NA,NA,NA,NA,NA,NA,NA,NA,NA
TCAL_16487,tRNA wybutosine-synthesizing 5-like,1.21E-05,2,NA,NA,NA,NA,NA,NA,NA,NA,-0.387791707,0.083457528,NA,NA
TCAL_16491,Similar to Pathogen-related protein (Hordeum vulgare),5.60E-05,8,NA,NA,-0.518325817,0.000953806,NA,NA,-0.692078265,5.21E-07,-0.554499585,0.000231461,NA,NA
TCAL_16492,Similar to CG13604 Protein UBASH3A homolog (Drosophila melanogaster),3.08E-05,9,NA,NA,NA,NA,NA,NA,NA,NA,NA,NA,NA,NA
TCAL_16496,Protein of unknown function,0.001567908,6,NA,NA,NA,NA,-0.291249907,0.065459487,-0.298356877,0.060051946,NA,NA,NA,NA
TCAL_16510,Protein of unknown function,7.72E-05,8,-0.304579109,0.064479329,NA,NA,-0.274030935,0.046136811,-0.344729567,0.005783668,NA,NA,NA,NA
TCAL_16516,"maguk P55 subfamily member 2,",0.001286919,2,NA,NA,NA,NA,NA,NA,NA,NA,NA,NA,NA,NA
TCAL_16517,Protein of unknown function,8.78E-12,9,NA,NA,NA,NA,NA,NA,-1.012296572,5.98E-12,-0.849542676,2.84E-08,NA,NA
TCAL_16520,Protein of unknown function,8.69E-09,8,NA,NA,-0.29003757,0.039351038,NA,NA,-0.569671245,2.88E-08,-0.350088593,0.005031829,NA,NA
TCAL_16546,Protein of unknown function,NA,NA,NA,NA,NA,NA,NA,NA,NA,NA,0.185255811,0.064020814,NA,NA
TCAL_16552,Similar to ARL6IP1 ADP-ribosylation factor-like protein 6-interacting protein 1 (Pongo abelii),3.75E-05,2,NA,NA,NA,NA,0.222510089,0.02423305,NA,NA,-0.268216022,0.004286537,NA,NA
TCAL_16574,Protein of unknown function,0.000484627,4,NA,NA,NA,NA,NA,NA,NA,NA,NA,NA,NA,NA
TCAL_16576,Similar to Mgst1 Microsomal glutathione S-transferase 1 (Mus musculus),6.09E-05,8,NA,NA,NA,NA,NA,NA,-0.216375814,0.010768191,NA,NA,NA,NA
TCAL_16577,Protein of unknown function,1.67E-06,1,NA,NA,NA,NA,0.879761255,0.01048079,1.264924277,1.89E-05,NA,NA,NA,NA
TCAL_16578,Protein of unknown function,0.000162129,7,NA,NA,NA,NA,0.434623526,0.016959951,NA,NA,NA,NA,NA,NA
TCAL_16582,Similar to CPNE1 Copine-1 (Homo sapiens),3.07E-05,1,NA,NA,NA,NA,NA,NA,NA,NA,NA,NA,NA,NA
TCAL_16603,Protein of unknown function,9.20E-08,4,NA,NA,-0.421122266,0.030496361,-0.345315233,0.077506182,NA,NA,0.345245799,0.096893555,NA,NA
TCAL_16606,Protein of unknown function,0.000360373,1,NA,NA,NA,NA,NA,NA,NA,NA,0.404003025,0.07060532,NA,NA
TCAL_16609,Protein of unknown function,6.45E-06,7,NA,NA,0.225541222,0.063323725,0.2356549,0.029323062,0.279758148,0.00490609,NA,NA,NA,NA
TCAL_16651,Protein of unknown function,8.35E-09,2,NA,NA,0.373908975,0.005961947,0.374327336,0.003478383,NA,NA,NA,NA,NA,NA
TCAL_16713,Protein of unknown function,NA,NA,NA,NA,NA,NA,NA,NA,NA,NA,0.782931542,0.054857945,NA,NA
TCAL_16728,G- coupled receptor Mth2-like,NA,NA,NA,NA,NA,NA,NA,NA,NA,NA,0.590257508,0.083457528,NA,NA
TCAL_16754,Similar to rxrba Retinoic acid receptor RXR-beta-A (Danio rerio),1.57E-12,8,NA,NA,-1.378424673,7.30E-05,-1.302321383,0.000119511,-1.824726637,3.51E-08,NA,NA,0.984228998,0.050428071
TCAL_16761,Protein of unknown function,NA,NA,NA,NA,NA,NA,NA,NA,1.577230285,0.051164566,NA,NA,NA,NA
TCAL_16764,protocadherin Fat 4-like isoform X1,0.0043457,5,-0.220902055,0.090009134,NA,NA,NA,NA,-0.202155247,0.063456617,NA,NA,NA,NA
TCAL_16783,Protein of unknown function,2.42E-12,6,NA,NA,NA,NA,-0.695459856,3.67E-06,-0.88662694,1.03E-09,NA,NA,0.497692995,0.020656994
TCAL_16784,Protein of unknown function,2.00E-33,3,1.013340303,2.99E-14,1.253148989,3.74E-23,1.507885542,3.77E-34,1.3215821,4.47E-26,NA,NA,-0.494545239,0.006910933
TCAL_16785,Similar to FCABP Flagellar calcium-binding protein (Trypanosoma rangeli),NA,NA,NA,NA,NA,NA,0.282388141,0.07205975,NA,NA,NA,NA,NA,NA
TCAL_16792,Protein of unknown function,0.002019749,9,NA,NA,NA,NA,NA,NA,-0.449247588,0.00594382,NA,NA,NA,NA
TCAL_16799,organic solute transporter subunit alpha-like,9.25E-06,5,NA,NA,NA,NA,NA,NA,-0.455878763,0.019704279,-0.579237466,0.001145015,NA,NA
TCAL_16828,Protein of unknown function,0.000102045,6,NA,NA,NA,NA,-0.477678024,0.016761828,NA,NA,NA,NA,NA,NA
TCAL_16831,Protein of unknown function,0.000381208,2,NA,NA,0.634704774,0.064031117,0.62484082,0.04533332,NA,NA,NA,NA,NA,NA
TCAL_16839,Similar to lft Protein limb expression 1 homolog (Drosophila melanogaster),NA,NA,NA,NA,NA,NA,NA,NA,NA,NA,0.959519316,0.093193398,NA,NA
TCAL_16841,Similar to POLR2M DNA-directed RNA polymerase II subunit GRINL1A (Bos taurus),0.002857318,5,NA,NA,NA,NA,NA,NA,NA,NA,-0.321839633,0.060578976,NA,NA
TCAL_16866,Similar to Brca1 Breast cancer type 1 susceptibility protein homolog (Mus musculus),0.001060083,2,NA,NA,NA,NA,0.28087703,0.05416458,NA,NA,NA,NA,NA,NA
TCAL_16877,Similar to Manf Mesencephalic astrocyte-derived neurotrophic factor homolog (Drosophila virilis),NA,NA,NA,NA,NA,NA,-0.340704506,0.041314234,NA,NA,NA,NA,NA,NA
TCAL_16943,"Similar to svp Steroid receptor seven-up, isoforms B/C (Drosophila melanogaster)",3.08E-06,1,NA,NA,NA,NA,NA,NA,0.49046584,0.015328313,0.415467148,0.069833911,NA,NA
TCAL_16944,Protein of unknown function,0.000252474,4,NA,NA,NA,NA,NA,NA,NA,NA,NA,NA,NA,NA
TCAL_16946,dead ringer-like isoform X3,NA,NA,NA,NA,NA,NA,0.355207859,0.080962099,0.389552872,0.046940351,NA,NA,NA,NA
TCAL_16964,kin of IRRE 3,0.000766294,4,NA,NA,NA,NA,NA,NA,NA,NA,0.968076927,0.010480141,NA,NA
TCAL_16974,Protein of unknown function,0.002562542,4,NA,NA,NA,NA,NA,NA,NA,NA,1.049594319,0.078340113,NA,NA
TCAL_16983,Protein of unknown function,1.08E-13,7,NA,NA,0.625320301,6.42E-05,0.760426809,1.35E-07,0.779786673,4.81E-08,NA,NA,-0.43121818,0.061978392
TCAL_16990,phosphatase 1H-like,4.41E-08,2,NA,NA,0.233239211,0.092438006,NA,NA,NA,NA,-0.241037406,0.065933266,NA,NA
TCAL_16999,Kv channel-interacting 1,NA,NA,NA,NA,NA,NA,-1.523778073,0.01421876,NA,NA,NA,NA,NA,NA
TCAL_17013,Similar to betA Oxygen-dependent choline dehydrogenase (Rhizobium leguminosarum bv. trifolii (strain WSM2304)),0.000205284,8,NA,NA,NA,NA,NA,NA,-0.493421737,0.004519757,-0.4276145,0.028596444,NA,NA
TCAL_17014,Protein of unknown function,0.000310164,6,NA,NA,NA,NA,NA,NA,-0.413020067,0.049331419,NA,NA,NA,NA
TCAL_17017,Protein of unknown function,1.32E-14,9,NA,NA,NA,NA,NA,NA,-1.698007718,7.49E-19,-1.738396929,6.87E-20,NA,NA
TCAL_17019,Protein of unknown function,4.09E-65,4,-1.235688873,1.87E-19,-1.652639724,2.18E-34,-1.332939625,4.62E-24,NA,NA,1.066742914,6.07E-15,NA,NA
TCAL_17041,Protein of unknown function,NA,NA,NA,NA,NA,NA,-0.531356508,0.030719816,NA,NA,0.540130814,0.034817609,NA,NA
TCAL_17051,Similar to GRB14 Growth factor receptor-bound protein 14 (Bos taurus),5.22E-05,1,NA,NA,NA,NA,NA,NA,NA,NA,NA,NA,NA,NA
TCAL_17053,Protein of unknown function,0.001095442,8,NA,NA,NA,NA,NA,NA,NA,NA,NA,NA,NA,NA
TCAL_17054,Protein of unknown function,0.00032171,8,NA,NA,NA,NA,NA,NA,NA,NA,NA,NA,NA,NA
TCAL_17056,Protein of unknown function,1.04E-06,2,NA,NA,1.297513855,0.006594982,1.250132256,0.007024032,NA,NA,-0.901194127,0.099028412,NA,NA
TCAL_17061,"Similar to AGXT Serine--pyruvate aminotransferase, mitochondrial (Callithrix jacchus)",NA,NA,NA,NA,NA,NA,NA,NA,NA,NA,-1.159980681,0.018484735,NA,NA
TCAL_17062,Similar to Gusb Beta-glucuronidase (Mus musculus),NA,NA,NA,NA,NA,NA,NA,NA,NA,NA,-0.254367072,0.029280867,NA,NA
TCAL_17095,Protein of unknown function,6.99E-05,1,NA,NA,0.424488104,0.042253438,0.48997975,0.006234786,0.413066213,0.036653708,NA,NA,NA,NA
TCAL_17133,Protein of unknown function,0.004504224,4,NA,NA,NA,NA,NA,NA,NA,NA,NA,NA,NA,NA
TCAL_17155,Similar to Glra3 Glycine receptor subunit alpha-3 (Rattus norvegicus),0.00013721,2,NA,NA,NA,NA,0.768870392,0.008764854,NA,NA,-0.746854422,0.015531703,NA,NA
TCAL_17157,Similar to CG7694 E3 ubiquitin-protein ligase RNF181 homolog (Drosophila melanogaster),6.27E-10,9,NA,NA,NA,NA,NA,NA,-0.444507352,0.009893784,-0.521975414,0.001312987,NA,NA
TCAL_17164,Protein of unknown function,NA,NA,NA,NA,NA,NA,NA,NA,NA,NA,1.778777593,0.099028412,NA,NA
TCAL_17166,Protein of unknown function,1.02E-07,2,NA,NA,0.26670672,0.075121597,0.417348467,0.000176585,NA,NA,-0.454221129,3.23E-05,NA,NA
TCAL_17189,Protein of unknown function,1.08E-09,1,NA,NA,NA,NA,1.681754446,0.090580603,2.797874872,0.000176483,NA,NA,NA,NA
TCAL_17191,transcription factor mef2A,8.02E-07,1,NA,NA,NA,NA,NA,NA,NA,NA,NA,NA,-0.419833547,0.071100711
TCAL_17207,Similar to MTSS1 Metastasis suppressor protein 1 (Homo sapiens),NA,NA,NA,NA,NA,NA,NA,NA,NA,NA,2.131560159,0.001435084,NA,NA
TCAL_17210,GSK-3-binding -like,4.04E-06,2,NA,NA,NA,NA,NA,NA,-0.599257594,0.060405653,-0.925779966,0.000426783,NA,NA
TCAL_17243,Protein of unknown function,2.24E-09,5,NA,NA,NA,NA,NA,NA,-0.460465261,0.000869492,-0.439617977,0.002469313,NA,NA
TCAL_17248,Protein of unknown function,0.002215842,6,NA,NA,NA,NA,-0.607789562,0.014150783,NA,NA,NA,NA,0.728160317,0.008266279
TCAL_17251,Similar to Ttn Titin (Mus musculus),0.000627606,4,NA,NA,NA,NA,NA,NA,0.938255861,0.015063001,NA,NA,NA,NA
TCAL_17268,Similar to Acyl-CoA desaturase (Cyprinus carpio),3.62E-05,7,NA,NA,NA,NA,0.306925436,0.012703301,0.350028202,0.002444116,NA,NA,NA,NA
TCAL_17270,Similar to Micall2 MICAL-like protein 2 (Mus musculus),NA,NA,NA,NA,NA,NA,NA,NA,NA,NA,0.851560234,0.069609475,NA,NA
TCAL_17288,Protein of unknown function,0.001042963,5,NA,NA,NA,NA,NA,NA,NA,NA,NA,NA,NA,NA
TCAL_17302,Similar to AQP9 Aquaporin-9 (Homo sapiens),9.43E-12,8,NA,NA,-0.199288973,0.037391106,-0.20474923,0.018676928,-0.374782635,1.10E-07,NA,NA,NA,NA
TCAL_17320,uncharacterized F-box LRR-repeat -like isoform X1,NA,NA,NA,NA,NA,NA,1.118329266,0.096938728,NA,NA,NA,NA,NA,NA
TCAL_17341,Protein of unknown function,3.69E-07,1,NA,NA,NA,NA,1.656730869,0.017943881,1.795100905,0.00724419,NA,NA,NA,NA
TCAL_17344,Similar to apf2 Apicidin F cluster transcription factor apf2 (Gibberella fujikuroi (strain CBS 195.34 / IMI 58289 / NRRL A-6831)),NA,NA,NA,NA,0.434368465,0.058304976,NA,NA,NA,NA,NA,NA,NA,NA
TCAL_17346,Protein of unknown function,1.25E-05,1,NA,NA,NA,NA,0.640952994,0.031680951,0.572304975,0.07856815,NA,NA,-0.775600178,0.028062654
TCAL_17377,Protein of unknown function,9.99E-10,8,NA,NA,-1.220768828,2.13E-05,-0.834716495,0.008764854,-1.858731351,1.12E-12,-1.024014856,0.001211752,NA,NA
TCAL_17388,Protein of unknown function,NA,NA,NA,NA,NA,NA,0.90052642,0.048738284,NA,NA,NA,NA,NA,NA
TCAL_17390,Similar to Slc12a3 Solute carrier family 12 member 3 (Mus musculus),9.21E-17,3,0.774608796,0.000537929,1.166978968,3.49E-10,1.36568556,1.58E-14,0.747704061,0.000291408,-0.6179815,0.005559809,-0.591076764,0.034764658
TCAL_17397,Similar to Heat shock 70 kDa protein 1 (Oryzias latipes),1.77E-06,8,-1.10916054,0.001755527,-1.262220981,6.56E-05,-0.730542232,0.054335441,-0.841410479,0.017820798,NA,NA,NA,NA
TCAL_17425,Protein of unknown function,NA,NA,1.378198497,0.016987879,1.164964297,0.044724619,1.153938312,0.03198873,1.488376199,0.00173526,NA,NA,NA,NA
TCAL_17440,Similar to Histone H2B.3 (Tigriopus californicus),6.28E-05,4,NA,NA,NA,NA,NA,NA,NA,NA,0.589060919,0.019595659,NA,NA
TCAL_17442,Similar to CHIA Acidic mammalian chitinase (Bos taurus),NA,NA,NA,NA,NA,NA,NA,NA,-0.952391028,0.006849619,-1.059658238,0.002180809,NA,NA
TCAL_17443,Protein of unknown function,1.07E-09,7,0.822944319,0.026333562,1.059529069,0.000267545,1.226565241,5.27E-06,1.457581436,1.43E-08,NA,NA,NA,NA
TCAL_17457,Similar to Gfpt1 Glutamine--fructose-6-phosphate aminotransferase [isomerizing] 1 (Mus musculus),6.67E-06,4,NA,NA,NA,NA,NA,NA,NA,NA,1.039043625,0.096741936,NA,NA
